key_idx,smiles,x,y,z,ba
0,COPB(C)NP(F)C[S@H](Br)B(CCl)NBr,114.07,102.39,102.01,inf
1,CC[C@H](C)N1CC(C(=O)NCC=C(NCCCCCO)N[C@@H](COC)SCCCN)=C2CCNC21,114.07,102.39,102.01,-6.241
2,C1CS[C@@H](CC2=N[C@H]3C(=N2)CCN3C2CC2)C1,114.07,102.39,102.01,-5.997
3,OCC[C@@H]1C[C@@H]1O,114.07,102.39,102.01,-4.664
4,CO[C@H]1CCO[C@@H]1O[C@@H]1O[C@H]([C@@H](O)CCCCCCNC(=O)[C@@H]2[C@H](C)[C@@H]2CCCC[C@@H](O)CF)[C@@H](O)[C@H]1O,114.07,102.39,102.01,-6.993
5,C=C(CCCF)CCC(OC)C(=O)N(CCCC[C@H]1O[C@@]1(C)O)CCOCC=C=C1O[C@H]1CNC(=O)CCCC(C)C,114.07,102.39,102.01,-5.846
6,C=C1C[C@@H](F)[C@]2(CCC=NC3=N[C@@H](CC#CC[C@@H](C(=O)NCCC)[C@@H](CO)COCCCC)[C@@H](NCCC4=CCN5CC[C@@]6(OC[C@]7(C[C@@H]7C)[C@H]6O)[C@H]45)S3)CC[C@]2(C=O)C1=O,114.07,102.39,102.01,-6.597
7,C=N[C@@H]1[C@@H]([C@H](O)OC)[C@H](O)[C@H](C)O[C@H]1CCC(=O)OC(N)[C@@H]1CC(=C=C[C@H]2CC[C@H](O)[C@H]3[C@@H](CC)N(C(=O)Nc4ccc([C@@H](C)CC(=O)OO)cc4)N32)S1,114.07,102.39,102.01,-8.583
8,C=CCCCCCC[C@@H](C#CCc1ccc(CC(O)[C@@H]2C(O)=CC[C@@H]3CCCCCS[C@]32F)cc1)[C@@H](C)CNC(=O)C[C@H]1O[P@@]1(=O)O,114.07,102.39,102.01,-8.152
9,CC(=O)C(=O)[C@@](O)(CSCC=CC=NC(=O)[C@@H]1CO[C@@H](C[C@@H](O)[C@H](C=O)N2CC=NCC2)C1(O)O)NC(=O)CC=CCC1CCCCCCC1,114.07,102.39,102.01,-8.297
10,O=CO,75.25,73.56,100.09,-3.476
11,C[C@H]1[C@@H]2C[C@H](CO)[C@H]([C@H]3CO3)C[C@@H](OS(O)(O)NCCC[C@H]3CCC[C@H](OC[C@@H](O)[C@H]4C[C@](O)(C[C@@H](O)CNCCN5CCCC[C@H]5C)CO4)C3)[C@@H]2O[C@@H]1C,75.25,73.56,100.09,-5.79
12,OC[C@H]1C[C@@H]1NO[C@H](c1ccc(Cl)cc1)[C@@H]1OCNO1,75.25,73.56,100.09,-5.641
13,BrBr,75.25,73.56,100.09,-1.842
14,BrOBr,75.25,73.56,100.09,-2.624
15,OC[C@H](O)C1=NC(Cc2cccc(C3CC3)c2)=NC1,75.25,73.56,100.09,-5.841
16,BrBr,75.25,73.56,100.09,-1.842
17,Nc1ccc([C@H]2ON3[C@H](C(=O)[C@@H]3CO)[C@@H](O)[C@H]2F)cc1,75.25,73.56,100.09,-6.496
18,Cl,75.25,73.56,100.09,-1.181
19,O=C(NO)[C@H](O)[C@H](CO)O[C@@H]1C[C@H]2CN2C1=O,75.25,73.56,100.09,-6.256
20,N#C[C@]12NCC[C@H]1N2O,90.19,132.54,117.64,-4.924
21,O=C[C@H]1[C@H]2C[C@H]2CO[C@H]1O,90.19,132.54,117.64,-4.78
22,COC[C@@H]1CC[C@@H]2[C@@H]3[C@]24[C@H]1[C@H]4[C@H]1[C@@]24S[C@@H]2[C@@]314,90.19,132.54,117.64,-5.34
23,CO[C@H]1S[C@@H](NC(=O)C=N)[C@H](c2ccc(Cl)cc2)C1O,90.19,132.54,117.64,-5.75
24,C1CCOCC1,90.19,132.54,117.64,-3.664
25,C[C@]12CCN[C@H]1C1[C@H]2CCN1O,90.19,132.54,117.64,-5.183
26,O=C(CO)OCS,90.19,132.54,117.64,-3.172
27,CC[C@]1(C)C2=CC3CNN=C3N[C@@H]2[C@H](c2ccccc2)[C@H]1O,90.19,132.54,117.64,-6.732
28,CO[C@H](S)OC(F)(F)C[C@@]1(C)SSC12[C@]1([C@H](F)CN)[S@H]3C[C@@]321,90.19,132.54,117.64,-4.59
29,O=C1CC[C@H]2CCN[C@@H]12,90.19,132.54,117.64,-5.188
30,O=C(O)c1cccs1,108.41,100.83,76.37,-4.715
31,SCC[C@@H]1COCCO1,108.41,100.83,76.37,-3.936
32,O=C1C=CCCC[C@H]1F,108.41,100.83,76.37,-4.654
33,O=C(O)OC(=O)O,108.41,100.83,76.37,-5.032
34,CCC1C(=O)O[C@@H](O)[C@@H]1O,108.41,100.83,76.37,-5.203
35,FC[C@]12C[C@H]1[S@@H]1SCC(C(F)F)[C@@H]3C(S)(S)[C@]312,108.41,100.83,76.37,-4.494
36,CCC1=C(C(=O)N2[C@H](CCCO[C@@H](C)c3ccc(F)cc3F)C[C@@H](C)[C@H]2OC)C=NC1C(=O)O,108.41,100.83,76.37,-6.769
37,FC1CCCCC1,108.41,100.83,76.37,-3.716
38,C=C(C)C12C[C@]13C[C@H]23,108.41,100.83,76.37,-4.524
39,C=C(C)[C@H](F)CCCOC,108.41,100.83,76.37,-3.993
40,O=C(O)O[C@@H]1[C@@H]2O[C@@H](CO)C[C@H]2[C@@H](O)[C@@]1(O)F,95.32,99.44,105.83,-7.78
41,CCN1OC(=O)CC[C@@]1(C)C(=O)O,95.32,99.44,105.83,-7.06
42,CN1CCN([C@@H]2[C@@]34C[C@@]5(C(O)(F)F)[C@@](C)(O)[C@@H]3CO[S@@]245)CC1=O,95.32,99.44,105.83,-8.494
43,N=C1C[C@H](O)C(=O)N(C(=O)S)O1,95.32,99.44,105.83,-6.93
44,ON[C@H]1OC1N1O[C@@H]1C[C@@]1(O)OS1(O)O,95.32,99.44,105.83,-6.658
45,C[C@@H]1CC[C@H]2C(=O)O[C@@]3(Cl)[C@@H]1[C@@]23C,95.32,99.44,105.83,-7.833
46,O=C(O)[C@@H](CO)C[C@@]12CCC[C@@H](C1)OC2,95.32,99.44,105.83,-6.08
47,O=[P@@]1(O)CC[C@H](CO)CO1,95.32,99.44,105.83,-6.15
48,CC(O)(O)C1(O)CC1,95.32,99.44,105.83,-5.325
49,OC1(O)CCCCCN1,95.32,99.44,105.83,-6.024
50,BrOBr,90.89,116.57,84.85,-2.641
51,O=C1O[C@@H](C(=O)O)[C@H](O)[C@@H]1O,90.89,116.57,84.85,-4.818
52,NCCN(O)CO,90.89,116.57,84.85,-4.604
53,CC[C@H]1CCC(=O)CO1,90.89,116.57,84.85,-4.836
54,CCC1=C[C@@H](O)[C@H](O)[C@@H](CCCCC[C@@H]2SC[C@H]2C(=O)O)N1,90.89,116.57,84.85,-5.309
55,CN[C@H]1C[C@H](P(=O)(O)O)O[C@]2(CC2=O)[C@](CO)(C(C)=O)O1,90.89,116.57,84.85,-5.442
56,FC(F)(F)N1CC[C@@H]2C[C@@H]21,90.89,116.57,84.85,-4.211
57,O=C(O)C[C@@H](CO)C(=O)O,90.89,116.57,84.85,-5.247
58,CCCOC(=O)C(=O)O[C@@]12CO[C@H](CN3CNN[C@@H]3CCCN3CCOCC3)[C@@H]1O2,90.89,116.57,84.85,-5.78
59,CC[C@H](CCO)[C@]1(O)NC[C@@H]([S@H](C)N)C[C@@H](C)O1,90.89,116.57,84.85,-4.735
60,FC(Br)(I)I,114.49,104.56,118.02,-2.691
61,C=C1CCC[C@](C)(S)C[C@H](S)C1,114.49,104.56,118.02,-4.585
62,O=[SH]CC[C@@H]1C([C@@H](S)CCF)C1(S)[C@H]1C[C@@H]1F,114.49,104.56,118.02,-4.321
63,NC(=O)N(O)CO[C@@H]1CO1,114.49,104.56,118.02,-5.038
64,OC[C@]12C[C@@]1(CO)[C@@H]1O[C@]1(CCF)O2,114.49,104.56,118.02,-5.31
65,CC(C)(C)C(CO)CO,114.49,104.56,118.02,-4.399
66,C[C@@H]1OCCC[C@@H](COCCOCC(O)O)C1=O,114.49,104.56,118.02,-5.628
67,C[C@@]1(O)NC1CCCC(=O)O,114.49,104.56,118.02,-5.315
68,BrOBr,114.49,104.56,118.02,-2.408
69,C[C@]1(F)C[C@@H]1OC(=O)N[C@@H](NC#N)C1=CC=C[C@@H](NC(N)=O)C1,110.58,90.94,72.98,-7.085
70,C[C@@]1(S)CO[C@@]2(C(=O)C(O)O)O[C@@H]21,110.58,90.94,72.98,-4.79
71,N[C@@H](O[C@H](CO)OC[C@@H](O)CO)C(=O)O,110.58,90.94,72.98,-5.621
72,NCCCC[C@H](C=O)[C@H]1CC[C@@H](O)N1,110.58,90.94,72.98,-5.308
73,NNc1ccccc1,110.58,90.94,72.98,-4.794
74,O=C(O)C(O)O,110.58,90.94,72.98,-4.533
75,O=C1O[C@]12C[C@@]2(O)C[C@@]1(O)[C@H](O)[C@@H]1CO,110.58,90.94,72.98,-5.683
76,O=C1OS(O)(O)[C@@H]2O[C@H](P(O)O)[C@@H](O)[C@@H](O)[C@@H]2C1=O,110.58,90.94,72.98,-6.248
77,CC(C)[C@H](O)[C@H]1C(=O)OCC[C@H]2CO[C@H](O)[C@@H]21,110.58,90.94,72.98,-6.187
78,CCCC[C@@H]1CO[C@@H]([C@@H](N)C(O)O)C(O)(O)O1,110.58,90.94,72.98,-5.508
79,CCC1=C(N(C)P(=O)(O)O)CCO[C@@H]1C(=O)NC1CCC[C@@H]([C@H](O)C(=O)CCC[C@H]2[C@H]([C@H](O)C(C)C)C(=O)[C@H]3CC[C@H]4O[C@@]42O3)C1,95.76,111.61,69.8,-6.693
80,C=C1CN(C)C(=O)N=C1[C@@H](O)CCN([C@H](SOP(=O)=O)C1OO1)[C@@H](O)[C@H]1CCCOC2(CCCC2)CO1,95.76,111.61,69.8,-6.66
81,OCCCOCCCCN1CCCC1,95.76,111.61,69.8,-3.686
82,C=CC(=C)COC[C@@H](C)[C@H]1CCN[C@@H](N)OC[C@H]1O,95.76,111.61,69.8,-5.07
83,C=C1CCN(CC(C)[C@H]2[C@H]3O[C@H](F)[C@H](F)C[C@@]32OC)C(=O)C1,95.76,111.61,69.8,-5.276
84,BrBr,95.76,111.61,69.8,-1.698
85,CN[C@H](CO)CN[C@@H](O)COC(=O)CCSC[C@H](C)OP(=O)=O,95.76,111.61,69.8,-4.78
86,BrOBr,95.76,111.61,69.8,-2.649
87,CC(=O)N1CC[C@]2(CC[C@H](S(=O)(=O)N3CCN(C)[C@@H](c4ccc(NCCC=N)cc4O)C3)CC2)C1=O,95.76,111.61,69.8,-7.493
88,CC(=O)NC(=O)CC[C@@H](C)COCCO,127.97,93.07,84.41,-5.7
89,C1C[C@H]2C[C@H]3C[C@@H]1C[C@@H]2C3,127.97,93.07,84.41,-4.181
90,N[C@@H]1C=C(c2ccc(F)cc2)N=N1,127.97,93.07,84.41,-5.66
91,NCc1ccc(C(O)=C=O)cc1,127.97,93.07,84.41,-5.303
92,OC(O)CN[C@@H]1C[C@@H]2CCC[C@@H]21,127.97,93.07,84.41,-4.811
93,CO[C@@](C)(C(=O)O[C@@H]1CO1)C(F)(F)F,127.97,93.07,84.41,-4.431
94,C[S@]1(O)SCC(=O)O[C@@H]2CN21,127.97,93.07,84.41,-4.201
95,OCO[C@H]1C[C@@H]2CNCC[C@@H]2O1,127.97,93.07,84.41,-4.912
96,NC(=O)[C@@H]1CC=N[C@H](Cl)C1,127.97,93.07,84.41,-4.94
97,COOCCCCCCO[C@@H]1O[C@@H]2COC[C@@H]2[C@@H](O)[C@H]1O,127.97,93.07,84.41,-5.486
98,O=c1cccccn1,98.42,110.62,76.39,-4.426
99,NCC(=O)NC(=O)CO,98.42,110.62,76.39,-4.607
100,CC[C@H](C)N,98.42,110.62,76.39,-3.875
101,NC(=O)N[C@@H]1C=CCCC1,98.42,110.62,76.39,-4.892
102,O=C(O)CC[C@]12N[C@@]1(S)O2,98.42,110.62,76.39,-5.463
103,OC(O)C[C@@]1(O)CC1(O)O,98.42,110.62,76.39,-5.989
104,O=N[C@@H](O)CC(=O)O,98.42,110.62,76.39,-4.985
105,NCc1cccc(Cl)c1,98.42,110.62,76.39,-4.454
106,O=CN[C@@H]1C[C@H]2O[C@@H]12,98.42,110.62,76.39,-3.834
107,O=C(CCCO)NCO,98.42,110.62,76.39,-4.355
108,COCCN(N)C[C@@H]1CO[C@]23O[C@H]2CO[C@H]13,88.49,104.55,120.32,-5.902
109,C[C@H](C=O)C1=C[C@H]2[C@H](CC[C@@H]1C)CC[C@H](O)[C@@H]2O,88.49,104.55,120.32,-6.919
110,NC1(O)CCCCCC1,88.49,104.55,120.32,-5.991
111,CO[C@H]1C=CCCC[C@@H]1CO,88.49,104.55,120.32,-5.006
112,Nc1cccc2c1CC[C@@H]2OC(=O)N1[C@@H]2C[C@H]([C@H]3C[C@H]3[C@H]1O)N(C(C1CCCC1)[P@H](=O)O)C2,88.49,104.55,120.32,-9.134
113,CCN(O)C[C@H]1OCCC[C@H]1O,88.49,104.55,120.32,-5.173
114,OCOC[C@H]1CO1,88.49,104.55,120.32,-4.272
115,O=C1CCCC(=O)[C@H](O)CN1,88.49,104.55,120.32,-6.622
116,COCCNOC(=O)O,88.49,104.55,120.32,-5.163
117,C=CP(C)CC1CCN(P(O)O)CC1,88.49,104.55,120.32,-5.285
118,O=C(O)COC1=CC=CC(=O)[C@H]1O,91.22,92.44,72.22,-5.919
119,C1=C2CCON2N=C2NCN[C@H]12,91.22,92.44,72.22,-5.039
120,CCCCCCCOC(O)O,91.22,92.44,72.22,-3.775
121,NC[C@H](O)[C@H]1CCCCO1,91.22,92.44,72.22,-5.085
122,CC1O[C@H]1CN(CO)OC=N,91.22,92.44,72.22,-4.197
123,CC(C)[C@H]1ON1CCC(N)=O,91.22,92.44,72.22,-4.253
124,COC(=O)CN1O[C@@H]1[C@@H](O)OO,91.22,92.44,72.22,-4.637
125,O=[P@@](O)(CCO)OOCO,91.22,92.44,72.22,-3.751
126,CCC(=O)OCCOCC=O,91.22,92.44,72.22,-3.785
127,O=C(O)[C@H]1C[C@@H](O)CN1,91.22,92.44,72.22,-4.816
128,CN[C@H]1CCN[C@H]1N,108.34,116.64,71.31,-4.213
129,ClC1=NCCC([C@@H]2CN2)=N1,108.34,116.64,71.31,-4.179
130,CC(C)(N)[C@]1(O)[C@@H]2O[C@@]34CCCC[C@H]3C4=C[C@H](CN)[C@]21O,108.34,116.64,71.31,-5.804
131,CN1CCC[C@H](CO)C1,108.34,116.64,71.31,-3.717
132,NC(=O)c1ccc(O)cc1,108.34,116.64,71.31,-5.67
133,COC(=O)N1C(=O)c2c(C)cccc2[C@@H]1NC(N)=O,108.34,116.64,71.31,-6.359
134,N[C@H](CO)[C@@H](N)C(=O)O,108.34,116.64,71.31,-4.178
135,c1ccc2ncnc-2cc1,108.34,116.64,71.31,-4.79
136,C[C@H]1C(=O)SCN1C,108.34,116.64,71.31,-3.584
137,C[C@H]1NCC[C@@H]1CO,108.34,116.64,71.31,-3.695
138,CS(=O)(=O)C[C@@H]1O[C@H]1N[C@@H](O)C(=O)N=C[C@H]1C=C(NC[C@H]2[C@H]3O[C@@H]2[C@H]2[C@@H]3N2C=N)CCC1,108.29,92.91,99.29,-8.229
139,CC[C@H]([C@@H](CO)[C@@H](O)CCS)[C@@H]1[C@@H]2C[C@]12O,108.29,92.91,99.29,-4.616
140,CCc1nc(-c2cccc(C(N)=O)c2)n[nH]1,108.29,92.91,99.29,-7.019
141,CC(=O)C1=N[C@@]2(N1)OC2=CC(=O)Oc1ccc(F)cc1C,108.29,92.91,99.29,-7.459
142,CO[C@H](CO)CC(=O)O,108.29,92.91,99.29,-4.576
143,C[C@H]1COCC(=O)OO[C@@H]2O/C2=N\C1=O,108.29,92.91,99.29,-7.433
144,COCCNCC[S@]12COC[C@@H]1O2,108.29,92.91,99.29,-4.411
145,O=C(O)[C@]12CCN(O1)[C@H]1C[C@H]12,108.29,92.91,99.29,-5.626
146,OCCC[C@H]1CCCNC1,108.29,92.91,99.29,-4.804
147,CCNC[C@H]1CN(C(=O)N2CCCNCC2)C[C@@H](CCCCO)N1,108.29,92.91,99.29,-7.017
148,O=C(O)c1cc2sccc2cn1,119.49,128.26,110.82,-5.419
149,C[C@@H]1OC=CN(c2ccc(NCS(=O)(=O)NCCCCO)s2)C=C1O,119.49,128.26,110.82,-5.521
150,COC1=CCC2=C(CC1=O)O2,119.49,128.26,110.82,-5.328
151,O[C@H]1[C@H](CC[S@TB16](O)(O)O)CC[C@H]1O,119.49,128.26,110.82,-5.022
152,CCCNC(=O)C1[C@@H]2CC(N[C@H]3CC[C@@H]4O[C@@H]4C3)CN=C(OC)[C@@H]12,119.49,128.26,110.82,-6.625
153,CN[C@@H]1[C@H](O)[C@H](O)N=C(C)[C@@H]1C,119.49,128.26,110.82,-5.624
154,N=CNC(=O)c1cccc(Cc2ccc(NCC(N)=O)cc2)c1F,119.49,128.26,110.82,-7.16
155,C[C@@H](OC(=O)O)[C@@H](Cl)C(=O)CO,119.49,128.26,110.82,-4.724
156,N=C(C(=O)O)C(=O)O,119.49,128.26,110.82,-4.939
157,CC1=NC([C@@H]2C[C@@H](N)CS2)=NC1=O,119.49,128.26,110.82,-5.445
158,O=C(O)[C@@H](Cl)CO,105.11,123.36,125.86,-3.927
159,O=C([C@@H]1C=C[C@H](O)CC1)N1CCC1,105.11,123.36,125.86,-5.309
160,N=C(C(=O)O)C(=O)S,105.11,123.36,125.86,-4.56
161,C[C@H](O)N[C@H]1CN[C@H](O)C1,105.11,123.36,125.86,-5.166
162,O[C@@H]([C@@H]1CO1)[C@H]1COCO1,105.11,123.36,125.86,-5.154
163,C[C@@H](NOCCC(=O)NC[C@H]1OCC[C@@H]2C[C@@]3(C)O[C@H]3[C@@H]2[C@H]1OCCCCS(O)(O)O)[C@H]1O[C@@H](O[C@H]2O[C@@]3(C)C[C@H]3O[C@H]2P(=O)(O)O)O1,105.11,123.36,125.86,-5.891
164,NC1=C(O)C(=O)SCN1[C@@H](N)O,105.11,123.36,125.86,-5.763
165,FOOOP,105.11,123.36,125.86,-3.317
166,O[C@H]1CC[C@]12OC2(O)O,105.11,123.36,125.86,-5.217
167,O=C(O)C1(O)[C@H](O)[C@H]1O,105.11,123.36,125.86,-5.268
168,C=CCOCCNN[C@@H](C[C@@H](C)O)c1ccccc1,118.47,93.86,79.96,-5.449
169,N[C@@H]1C[C@H]([C@@H]2CNC[C@H](OC(=O)CC(=O)O)O2)CN2CCN[C@@H]12,118.47,93.86,79.96,-7.298
170,c1cc(N2CC2)ccn1,118.47,93.86,79.96,-4.027
171,O=C(NN[C@@H]1C[C@@H]1CO)[C@@H]1CC([C@H]2N=C2NS(O)(O)O)=C2CCON21,118.47,93.86,79.96,-7.57
172,CCNC(=O)NNC(=O)O[C@@H](C)C[C@H](O)C[C@H](O)[C@H](N)C(C)=O,118.47,93.86,79.96,-5.658
173,NC(=O)[C@@H]1OCc2ccc(F)cc21,118.47,93.86,79.96,-5.596
174,Cl,118.47,93.86,79.96,-1.034
175,CON(C)C(=O)[C@@H]1C[C@@H](CCO)[C@@H](C[C@@H](O)CCO)O1,118.47,93.86,79.96,-5.66
176,CN1CCC[C@@H](C[C@@H]2CC[C@H]3[C@@H]2N3C(=O)NN)C1,118.47,93.86,79.96,-5.957
177,NCC[C@H](O)CCO,118.47,93.86,79.96,-4.168
178,Cc1ccc2c(c1)CC(=O)CN2,78.02,89.7,94.19,-7.302
179,CC(=O)N1CCCN1,78.02,89.7,94.19,-5.544
180,O=C1[C@H](O)[C@H](OC[C@@H](O)CO)CCN1c1ccc([SH](O)O)cc1,78.02,89.7,94.19,-6.953
181,NC[P@@](=O)(O)O[P@](=O)(O)OCC[C@@H](c1ccccc1)C(O)O,78.02,89.7,94.19,-7.567
182,COC(=O)C=CCCCCCCCO,78.02,89.7,94.19,-5.773
183,OCCC(O)O,78.02,89.7,94.19,-4.321
184,O=C(O)OC[C@H]1OC(=O)C(=O)[C@@H]1O,78.02,89.7,94.19,-6.967
185,O=C(O)N1C=CC(C2OO2)=C(O)C1,78.02,89.7,94.19,-7.485
186,O=C1N[C@@H](CO)CS1,78.02,89.7,94.19,-5.56
187,O=C(O)[C@]1(O)[C@H](O)[C@H]1OP(=O)(O)O,78.02,89.7,94.19,-7.175
188,NC(=O)C(=O)O,76.71,77.68,93.11,-5.162
189,NC(=O)CN=CC1=CC=C([C@H](O)c2ccccc2[N+](=O)[O-])CC=C1,76.71,77.68,93.11,-6.894
190,O=C(O)[C@H]1CCC[C@H](O)CC1,76.71,77.68,93.11,-6.802
191,Cc1ccc2c(c1)OO[C@@H]2CCN,76.71,77.68,93.11,-5.649
192,N#CN[C@@H]1SNC[C@@H]1N,76.71,77.68,93.11,-5.252
193,CC(=O)O,76.71,77.68,93.11,-4.244
194,CCCc1cc(N)cs1,76.71,77.68,93.11,-5.562
195,CCNC(=O)OCN([C@H](O)[C@@H](OC)[C@H]1C[C@@H]1CCOC1=CNC([C@H]2CC=CN[C@H]2N)=NC1)N1CC1,76.71,77.68,93.11,-6.222
196,OCc1ccccc1,76.71,77.68,93.11,-5.516
197,C[C@@]1([C@@H]2Nc3cccc(O)c32)CO1,76.71,77.68,93.11,-7.64
198,C=CC(=O)NC(=O)NO,102.96,87.48,68.42,-5.594
199,O=C(O)c1ccccc1,102.96,87.48,68.42,-4.717
200,O=C(O)C=CNc1ccccc1,102.96,87.48,68.42,-5.436
201,CCNC(C)C(C)=C=O,102.96,87.48,68.42,-4.609
202,CNC(=S)NCCCN,102.96,87.48,68.42,-4.33
203,C=CC(=O)NC[C@H](C)N,102.96,87.48,68.42,-4.657
204,OCCOc1ccc(O)cc1,102.96,87.48,68.42,-5.05
205,BrOOBr,102.96,87.48,68.42,-2.906
206,c1ccc([C@H]2CO2)cc1,102.96,87.48,68.42,-4.559
207,CCO[C@@H]1C=C(OC)CC=C(C(=O)SC(=O)[C@@H](C)CNC2=NC3=NN[C@@H]([C@@H]4CC[C@H]([C@@H]5CC[C@@H](N)C5)[C@H]4O)[C@@H]3C2)C1,102.96,87.48,68.42,-7.598
208,OOBr,112.14,134.76,102.01,-2.997
209,COc1ccc2c(c1)[C@H](S(O)(O)O)CC(=O)C2,112.14,134.76,102.01,-6.422
210,C[C@]1(O)C[C@H]1c1cccc(N2CCC[C@@]2(C)C(=O)O)c1,112.14,134.76,102.01,-6.311
211,CC(=O)C[C@@H](O)SS,112.14,134.76,102.01,-3.733
212,C[C@H]1OC[C@@H]2N=C(NC(F)(F)F)CN2[C@H]1NO,112.14,134.76,102.01,-6.434
213,CCN(C(=O)C1=NSCN1)c1cc2c(cn1)C[C@H](NC(C)=O)[C@H]2O,112.14,134.76,102.01,-5.665
214,CC(=O)CC(=O)O,112.14,134.76,102.01,-4.47
215,C1COCCO1,112.14,134.76,102.01,-3.112
216,Oc1ccccc1,112.14,134.76,102.01,-4.647
217,Cc1c(F)ncnc1N(C=O)C[C@@H]1CN=C([SH]=O)OC1,112.14,134.76,102.01,-6.501
218,N=C1NCS[C@H]1CO,105.59,119.56,104.07,-4.41
219,C=CNCO[C@H](CO)CC[S@@H](C)C[C@@H](O[C@@H](C(O)C1C(=O)C[C@](C)(CCC[C@@H]2O[C@@H]([C@H](F)[C@]3(F)CC[C@H](F)[C@@H](S(=O)(=O)C4=CCOCO[C@H]4NCC[C@@H](CO)OCOC)CC3)[C@H](O)O[C@@H]2C)[C@H](C)[C@H]1O)[C@@H](C)O)[C@@H](CC)OC,105.59,119.56,104.07,-6.912
220,C=C[C@@]1(SC)[C@H]([C@H](C)CC)[C@H]1CC,105.59,119.56,104.07,-4.276
221,O=C(O)c1ccccc1,105.59,119.56,104.07,-6.008
222,OCC1CCC(F)=CC1Cl,105.59,119.56,104.07,-4.973
223,O=C(O)C1CCCC1,105.59,119.56,104.07,-5.233
224,NC(=O)CC[C@H]1c2ccc(O)cc21,105.59,119.56,104.07,-5.927
225,C[C@H]1O[C@H](S(=O)(=O)NCC[C@H](C(N)=O)S(O)(O)O)[C@H]2C[C@H](C(F)F)[C@@](O)(F)[C@H](O)[C@@]21C,105.59,119.56,104.07,-7.343
226,c1ccc2c(c1)CCCC2,105.59,119.56,104.07,-5.854
227,NC(=O)[C@H]1NCN[C@@H](C(=O)O)S1,109.27,129.14,123.5,-5.928
228,COCCC(O)=C=O,109.27,129.14,123.5,-4.102
229,O=C1O[C@H](CO)OC[C@H]1O,109.27,129.14,123.5,-4.988
230,C[C@@H](O)CC(=O)O,109.27,129.14,123.5,-4.211
231,NC1=C2C=CN=C2C=N1,109.27,129.14,123.5,-4.755
232,O[C@H]1CNC[C@H](O)O1,109.27,129.14,123.5,-4.669
233,CC[C@H](O)[C@@H]1C=CCCCS1,109.27,129.14,123.5,-4.642
234,N[C@@H]1[C@H](O)[C@@H]1N[SH](O)O,109.27,129.14,123.5,-5.002
235,O=C1O[C@H]2[C@@H]([C@@H](O)[C@@H]1O)C2(O)O,109.27,129.14,123.5,-5.828
236,COCCC(=O)O,109.27,129.14,123.5,-3.748
237,CC(=O)NNC1=N[C@@H]2C=CCN=C2O[C@H]1C1=CC[C@@](C)(F)C1,117.09,111.58,93.67,-7.545
238,NC(=O)[C@@H]1SSC=C1N,117.09,111.58,93.67,-4.613
239,CC1N=C(F)[C@H](C)C1=S,117.09,111.58,93.67,-4.532
240,c1ccc2c(c1)=NCN=2,117.09,111.58,93.67,-5.078
241,C1=C[C@H]2N=c3ccccc3=C2C=N1,117.09,111.58,93.67,-5.877
242,NC1=C2N=NC=C2N=C1,117.09,111.58,93.67,-5.49
243,Cc1noc2cccc(N)c12,117.09,111.58,93.67,-5.992
244,CN1CC=CCC1=O,117.09,111.58,93.67,-4.72
245,Cc1cccc(O)c1,117.09,111.58,93.67,-4.678
246,NC1=CC[C@](O)(C[C@]23C[C@H]2C3(O)O)CC1,97.39,108.49,120.66,-6.452
247,NC(=O)c1cccnc1N,97.39,108.49,120.66,-6.701
248,C[C@H]1O[C@@]2(COC(=O)[C@H]2O)O[C@H]1C(O)O,97.39,108.49,120.66,-6.486
249,C[C@@H]1OC[C@H](O)[C@@H](O)[C@H](C(=O)O)O1,97.39,108.49,120.66,-6.27
250,CC1CC[C@H](C(=O)N(C)O)C[C@H](O)CO1,97.39,108.49,120.66,-6.428
251,C[C@@]1(CCNNNC[C@@H]2OC[C@H](O)[C@@H]2O)[C@@H]2[C@H](O)C[C@@H]21,97.39,108.49,120.66,-7.04
252,C=C(O)[C@@H](O)[C@H](OO)[C@H](O)[C@H]1N[C@]1(O)CO,97.39,108.49,120.66,-6.408
253,CCN1CCC[C@@]2(C)CCC(=O)[C@H]([C@@H](OC=O)C(=O)O)[C@@H]12,97.39,108.49,120.66,-6.711
254,C[C@H]1COCC[C@H](CCCN)C1,97.39,108.49,120.66,-5.16
255,NC(=O)[C@H]1CCNC1,97.39,108.49,120.66,-5.332
256,CO[C@H](C)CO,113.21,114.61,109.28,-3.598
257,CN(O)C(=O)CF,113.21,114.61,109.28,-4.117
258,C=CO[C@H](CCC=O)C1OO1,113.21,114.61,109.28,-4.495
259,CNCOCc1cnccn1,113.21,114.61,109.28,-4.811
260,N[C@@H]1COC(=O)[C@@H]1O,113.21,114.61,109.28,-4.877
261,O=C1C[C@H](O)[C@@H](O)[C@@H]1O,113.21,114.61,109.28,-4.912
262,Nc1cc(CCCC(=O)O)co1,113.21,114.61,109.28,-5.148
263,CCOC[C@@]1(C(=O)NCc2cccc(C(=O)O)c2)C[C@@H]1CC(=O)O,113.21,114.61,109.28,-7.417
264,O=c1ccc(O)co1,113.21,114.61,109.28,-4.804
265,CO[C@H](Cl)[C@H]1OCN(CCNC(=O)SCCSC=O)O1,113.21,114.61,109.28,-5.013
266,OOOOOBr,120.18,121.5,99.36,-4.674
267,O=C1CCC(=O)[C@@H](O)C1,120.18,121.5,99.36,-5.08
268,CCCCCCCCCO[C@@H]1COCCC1=O,120.18,121.5,99.36,-5.015
269,O=C(O)CCc1cccc(O)c1,120.18,121.5,99.36,-5.666
270,CC1=CCC=CC(=S)C1,120.18,121.5,99.36,-5.1
271,C=C1CCC=C=C(N)N1,120.18,121.5,99.36,-5.582
272,CC[C@]1([C@@]23C[C@@]4(O)[C@@H]([C@H]2CN2[C@@H]5CCC[C@@H]52)[C@@H]4CCCS(=O)(=O)CCO3)O[C@H]1F,120.18,121.5,99.36,-7.2
273,NC1(CCCNC(=O)O)CC1,120.18,121.5,99.36,-4.885
274,OC[C@@H]1OC[C@@H](O)CC[C@H]1O,120.18,121.5,99.36,-5.101
275,OCC=C(CNNCC[C@H]1COCCS1)SCCO,120.18,121.5,99.36,-5.344
276,CC1[C@@H](C)SC2CCSS(=O)(=O)CN21,109.12,112.85,97.35,-5.27
277,C[C@@]1([C@H]2CC[C@H](NC(=O)c3ccc(C[C@@H]4O[C@H]4[C@@H](C[C@H]4C[C@@H](COP(=O)(O)O)OC5(CC5)O4)OCCCC4CCCCC4)cc3)S2)CCN(C[C@@H]2CCCCC2=O)[C@H](O)N1,109.12,112.85,97.35,-8.348
278,O=NCc1cccc(F)c1,109.12,112.85,97.35,-6.044
279,N=C(C(=O)O)C(=O)O,109.12,112.85,97.35,-5.125
280,CC(=O)OC(=O)OCO,109.12,112.85,97.35,-4.897
281,N=C1C=CCCCC1,109.12,112.85,97.35,-5.185
282,Cc1ccc(F)cc1,109.12,112.85,97.35,-4.957
283,OCc1ccccc1,109.12,112.85,97.35,-5.262
284,COC(=O)c1ccccc1,109.12,112.85,97.35,-5.093
285,Oc1ccncc1C1CCSC1,109.12,112.85,97.35,-5.291
286,Cc1ccc(-n2cnc([C@H]3NO3)n2)cc1,113.67,105.66,66.36,-6.235
287,Cc1cc(N)ccc1C(=O)c1cccc(Cl)c1F,113.67,105.66,66.36,-5.87
288,C=CCCCCC(=O)N1CCN(CC)CC1,113.67,105.66,66.36,-4.836
289,CC1=CC(C2=C[C@@H](C(=O)O)[C@@H](Cl)[C@H](O)C2)=CC=CO1,113.67,105.66,66.36,-6.451
290,C1C2C1C2C12NC1N2,113.67,105.66,66.36,-4.297
291,O[C@H]1[C@@H]2OC[C@H](O)[C@H]2O[C@@H]2[C@H]1[C@@]2(O)c1ccc([C@@H](O)N[C@H]2CCCO2)cc1,113.67,105.66,66.36,-7.182
292,CCCN,113.67,105.66,66.36,-3.53
293,C[C@H]1C[C@H](N[C@H](CO)NC2(c3ccc(C(=O)O)cc3)CC2)S1,113.67,105.66,66.36,-5.872
294,NCCCN,113.67,105.66,66.36,-3.8
295,C[C@H](O)CCNCCN,113.67,105.66,66.36,-4.275
296,CNO,103.89,84.73,90.59,-3.014
297,CO[C@H]1[C@@H](O)CO[C@H]2[C@H]3[C@H](CCCC[C@H]([C@@H]4COCC4CC(C)C)[C@H](O)[C@@]45O[C@@H]4COC5=O)[C@H]4O[C@H]4[C@H]4OC(=O)N1[C@]342,103.89,84.73,90.59,-8.566
298,OOBr,103.89,84.73,90.59,-2.885
299,C[C@H](O)C[C@@H](C=O)N[C@H]1CCN2c3nccn3C[C@H]12,103.89,84.73,90.59,-6.225
300,CO[C@H]1CC2S[C@H]3[C@@H](S[C@@H]4CCCN43)[C@H]3[C@@H]4C(=O)NC[C@@H]4C(=NC1=O)N23,103.89,84.73,90.59,-8.463
301,C[C@@H](CCNC(=N)CC(=O)[C@H]1S[C@@H]([C@@H]2OCCS2)C(=O)[P@@]1(=O)O)[C@@H]1C=NC(=O)C(=O)C1,103.89,84.73,90.59,-8.255
302,C[C@H]1[C@@H]2[C@H]3CO[C@@](O)([C@@H](C)[C@H](C)O)[C@@H]3C[C@H]3[C@H]2[C@@H](C[C@H]1O)C[C@H]3OCCO[C@H](C=C[C@@H](NC(=O)[C@@]1(C)O[C@@H]2[C@@H](CON2C(=O)[C@@H]2CO2)[C@@H]1O)[C@@H](O)C[C@H](N)O)C(F)(F)F,103.89,84.73,90.59,-8.241
303,BrOBr,103.89,84.73,90.59,-2.277
304,C=CCN(C)C(=O)CS(O)(O)O[C@H]1[C@@H](O)[C@H](OO)[C@@]1(O)[C@@H](O)[C@]1([C@@H](O)CC2CCCC2)CO1,103.89,84.73,90.59,-6.48
305,BrBr,103.89,84.73,90.59,-1.643
306,O=C(O)[C@H]1ON1CO,99.6,104.74,108.38,-5.117
307,O=C1CCN(O)C[C@@H]2[C@H](C3C=C([C@H](O)CO)N=CC3)N12,99.6,104.74,108.38,-7.377
308,CC[C@](O)(C=O)CC(=O)O,99.6,104.74,108.38,-5.639
309,COCC1([C@H]2C[C@](OCc3ncncc3NNC(=O)[C@@H](C)O)([C@@H](N)OO)C(=O)[C@H]2OC)CCC1,99.6,104.74,108.38,-8.026
310,COCC(=O)CCNC(=O)[C@]1(O)C=C[C@H](OCC[C@H](OC)[C@H](O)CO)[C@@H](O)C1,99.6,104.74,108.38,-7.084
311,O=C(O)Cc1ccccc1,99.6,104.74,108.38,-6.534
312,CC1OC[C@@H](CC=O)OC1=O,99.6,104.74,108.38,-5.339
313,O=C(C[C@@H]([C@H]1O[C@H]1N[C@H]1C[C@@H](O)[C@@H](O)[C@@H]1CO)[C@@H](O)CO)OCC=CCO,99.6,104.74,108.38,-6.84
314,C=CO[C@@H]1C[C@H](C(=NO)N[C@]2(C)CCOC2)N(C)C1C[C@@H]1O[C@H]1[C@@H]1S[C@@]1(CO)[C@@H](C)CS[C@@H]1O[C@@H](C(C)(C)C)OCC[C@H]1C(=O)O,99.6,104.74,108.38,-8.302
315,O[C@@H]1[C@H](O)[C@@H]1[C@H](O)[C@H]1CN1,99.6,104.74,108.38,-5.938
316,OC(O)CC[C@@H](O)[C@H]1O[C@H]2Cc3c(F)ccc(F)c3N[C@H]2[C@@H]1O,86.58,92.55,78.56,-5.937
317,O=C(CC(=O)[C@@H](O)CCCC#CCC[C@@H]1CCNC[C@@H](O)C1)OCCCC(O)O,86.58,92.55,78.56,-5.579
318,CC(C)(COC[C@@H](C1[C@H](O)[C@H]1O)[C@@H]1OC(=O)[C@@H](OCC(=O)OOC[C@H]2COCO[C@@H]2OCCNCCO)O[C@H](O)COC(=O)[C@@H]1C(=O)C(=O)CCO)OC1C[C@]2(C=COO1)O[C@]2(C)O,86.58,92.55,78.56,-5.334
319,CCCO[C@H]1C=C(C(=NOCC)[C@H](C)CC)C=C2NC[C@@H]([C@@H](O)CCC[C@@H]3CCN(C(C)=O)C3)[C@@H]2C1,86.58,92.55,78.56,-5.631
320,C[C@H]1CC[C@](COBr)(CO[C@H]2[C@H](C)[C@@]2(C)OO)C1,86.58,92.55,78.56,-4.766
321,C[C@@H](NC(=O)C[C@@H]1C[C@@H](O)[C@](C)(N)OC1=O)[C@@H]1CCCC[C@@](C)(O)C1,86.58,92.55,78.56,-6.162
322,COC1=NC(=O)[C@@H](C2=CC(NC(O)O)=NCC2)O1,86.58,92.55,78.56,-5.553
323,CCC[C@H](F)[C@@H](CO[P@](C)(=O)O)NCC[C@@](O)(CS(O)(O)OC(C)(C)C1O[C@@H]2[C@@H](O1)N2[C@@H]1[C@@H]([C@H]2CC[C@@H]3CCC(F)=C[C@H]32)[C@@H]1[C@@H](C)CN(C[C@H](C)OC)[C@@H](C)[C@H](CCC1=CCO[C@H](C)C1)OC)[C@]1(C)CSC(=N)C1,86.58,92.55,78.56,-5.517
324,BrOBr,86.58,92.55,78.56,-2.123
325,C[C@@H](F)OCOc1cc(N)cc(C(=O)O)c1,86.58,92.55,78.56,-5.11
326,Cc1nc(N)cs1,91.99,132.44,107.8,-3.703
327,ON1CCOCC1,91.99,132.44,107.8,-3.8
328,NC(=O)[C@@]1(OC2=CCC=CC2)CN1,91.99,132.44,107.8,-4.994
329,OC1CCOCC1,91.99,132.44,107.8,-4.057
330,CN1C=C([C@H](C(=O)C(N)=O)[C@@H]2C[C@H](N)N2)CC1=O,91.99,132.44,107.8,-5.503
331,O=C[C@H]1CC(=O)CC1=O,91.99,132.44,107.8,-4.876
332,NC(=O)CO,91.99,132.44,107.8,-3.703
333,O=C(O)[C@@H](O)CO,91.99,132.44,107.8,-4.251
334,O=C(O)COO,91.99,132.44,107.8,-3.887
335,CN(C)C(=O)N[C@]12CN1CCS2,91.99,132.44,107.8,-4.199
336,O=C(COCP(=O)(O)O)C(O)O,93.0,126.02,90.41,-5.14
337,O=C(O)CNC(=O)C(=O)O,93.0,126.02,90.41,-5.133
338,CCC[C@@H](CC)C(=O)O,93.0,126.02,90.41,-4.272
339,CC[C@H]1CCNCCC1=O,93.0,126.02,90.41,-4.948
340,O=C(NO)[C@H]1CCCN1,93.0,126.02,90.41,-5.897
341,O=C[C@]1(O)C[C@@H](O)[C@@H](O)O1,93.0,126.02,90.41,-5.128
342,NCc1ccccc1,93.0,126.02,90.41,-5.345
343,C=C[C@@H]1S[C@@H](N)O[C@@H]1[C@@H]1CC[C@H](N)S1,93.0,126.02,90.41,-4.741
344,O=C1CC=C(C(=O)O)C=CN1,93.0,126.02,90.41,-4.587
345,O[C@H]1CCC[C@H](n2nccn2)C1,93.0,126.02,90.41,-5.298
346,CN[C@@H](C)[C@H](O)C=NN[C@H]1CO1,130.07,119.2,89.95,-4.573
347,Clc1ccc(C2=CCCNC2)nc1,130.07,119.2,89.95,-5.532
348,O=C(CP(=O)(O)O)NP(=O)(O)O,130.07,119.2,89.95,-4.856
349,c1ccc(NCNC2CCCC2)nc1,130.07,119.2,89.95,-5.272
350,NCCCC[C@H]1[C@H](O)[C@H](O)[C@]2(CO)CN12,130.07,119.2,89.95,-5.042
351,CSC=CNC(=O)N1CC12CCNCC2,130.07,119.2,89.95,-4.654
352,c1ccc([C@@H]2CN2)cc1,130.07,119.2,89.95,-4.988
353,NC(=O)CC[C@H]1O[C@@H]1COP(=O)=O,130.07,119.2,89.95,-4.794
354,CC1(C)C[C@H]1CCC1CCCCC1,130.07,119.2,89.95,-5.684
355,C=CCOCC1=COS[C@H]1CSNc1ccc(C2NC3=C(CCS3)S2)cc1,130.07,119.2,89.95,-5.998
356,C[C@@](O)(C(=O)NO)[C@@H](O)[C@H](O)C(=O)O,85.66,128.71,103.02,-6.474
357,C=COC(=O)C[P@](=O)(O)S,85.66,128.71,103.02,-3.495
358,N[C@H]1S[C@@H]([C@H]2CC[C@H](O)CC2)CC1=O,85.66,128.71,103.02,-5.346
359,O=C1CSCCN1[C@@]1(O)OC12CC2,85.66,128.71,103.02,-4.516
360,O=C(O)[C@H]1C[C@@H]1CC1CCCCC1,85.66,128.71,103.02,-5.313
361,O=P(O)(O)NN1CCOCC1,85.66,128.71,103.02,-4.271
362,O=C1CCC[C@@H](P(=O)(O)O)NC1=O,85.66,128.71,103.02,-5.355
363,COCCCOCCOCC(=O)O,85.66,128.71,103.02,-3.419
364,O=C(O)CC[C@H]1O[C@@H]2CCCC[C@@H]21,85.66,128.71,103.02,-5.215
365,CC,85.66,128.71,103.02,-2.183
366,C[C@@H]1OC2=NC(=N)NC[C@H]2[C@@]1(C)O,82.72,97.05,86.21,-7.235
367,O=[N+]([O-])[C@@H]1C=CC=CC(F)=C1O,82.72,97.05,86.21,-7.516
368,O=C(O)[C@@H](O)C1CC1,82.72,97.05,86.21,-5.679
369,O=C(O)[C@@H]1O[C@H]2CC[S@@H]3O[C@]23O1,82.72,97.05,86.21,-6.934
370,O=C1NCC[C@@H](O)[C@H](CO)CN1,82.72,97.05,86.21,-7.179
371,NC(=O)[C@@H](N)C[C@H]1C[C@H](C(=O)O)NN1,82.72,97.05,86.21,-8.103
372,NC(=O)NNC(=O)CCC(=O)O,82.72,97.05,86.21,-7.032
373,O=C(O)[C@@H]1O[C@@H]2[C@H]1OC[C@@H]2F,82.72,97.05,86.21,-6.603
374,OCOCOC[C@@H](O)[C@H](O)CO,82.72,97.05,86.21,-6.085
375,C[C@@]12CCCC[C@@]34C[C@@H]3[C@@H]1[C@@H]2C4,82.72,97.05,86.21,-7.202
376,CC(=O)N(O)[P@@](=O)(O)[C@@H]1[C@@H](CO)[C@H](O)[C@]2([C@@]3(OC(=C=COP(O)O[C@H]4CCN([C@H]5CN(C)[C@@H]6C5=C=CC(O[C@@H](CC(=O)O)[C@H](C)C(=O)O)=NC6F)C[C@H](C[C@@H](C)O)[C@H]4O)P(O)O)[C@H](O)P3O)O[C@@H]12,87.17,84.91,76.44,-5.157
377,OO[C@@H](C1CCCCC1)[C@@H]1C[C@H](N[C@@]2(O)N[C@H]2S(O)(O)O)[C@H](C(O)O)O1,87.17,84.91,76.44,-5.627
378,BrOBr,87.17,84.91,76.44,-2.074
379,C=O,87.17,84.91,76.44,-1.632
380,OPOS,87.17,84.91,76.44,-2.378
381,CO[C@@H]1[C@@H](NC(=O)NCCC(C(=N)CC[C@H]2C[C@]23CC[C@]2(C[C@@H]4[C@@H]5CCC[C@@H]6[C@@H](C6(O)O)[C@@]45CO2)C3)=C2NNC(=O)S2)C(F)(F)CCN1O,87.17,84.91,76.44,-7.337
382,C[C@@H]([C@H](C=O)COCCO[C@@H](O)[C@H]1O[P@@](=O)(O)[C@@H](C)C1C=C=O)[C@H](C(=O)N[C@@H](C)C1CC1)S(O)(O)O,87.17,84.91,76.44,-4.965
383,C[C@H]1[C@@H]2SC[S@H](C)[C@H]12,87.17,84.91,76.44,-2.986
384,Oc1cccc([C@H]2CCC(F)[C@@H](O)C2F)c1,87.17,84.91,76.44,-5.786
385,CCC[C@@]12CC[C@@H](CO)[C@@H](C(F)F)C[C@H]1O2,91.9,118.57,92.06,-5.028
386,C=C(CC[C@@H](C(C)C)[C@@H]1[C@H](C)C2CC[C@H]21)C(=O)O,91.9,118.57,92.06,-4.685
387,NC(=O)NCCNCC1C=C2SCNC2C(=O)[C@H](F)C1,91.9,118.57,92.06,-5.691
388,CCC(=O)[C@@H](c1cccc(Cl)c1)N(C)C1CC1O,91.9,118.57,92.06,-4.743
389,N#Cc1ccccn1,91.9,118.57,92.06,-5.102
390,CN1C(=O)[C@H]2C=C3NC3=CC=C2C2=C1C=CCC(F)=C2,91.9,118.57,92.06,-6.423
391,NN(O)c1ccccc1,91.9,118.57,92.06,-5.474
392,C[C@@H]1S[C@@H]2[C@H]3[C@H]4[C@@H]5C6(CC6)[C@@]6(CS)C45[C@]64[C@@H]1[C@@]324,91.9,118.57,92.06,-5.023
393,Nc1ccc(C2=NO2)cc1,91.9,118.57,92.06,-6.144
394,C=C(C)CC[C@@H]1S[C@]12C[C@@]21C[C@@H]2CC[C@H]1O2,91.9,118.57,92.06,-4.638
395,N=C1CNN1,82.7,117.12,123.6,-4.23
396,N[C@@H]1NCC1=O,82.7,117.12,123.6,-4.367
397,C[C@H](O)CCC(=O)O,82.7,117.12,123.6,-4.6
398,N[C@H]1CN1,82.7,117.12,123.6,-3.41
399,CCCCO,82.7,117.12,123.6,-3.228
400,O[C@@H]1[C@H]2O[C@H]2ON(O)[C@H]1O,82.7,117.12,123.6,-5.678
401,C1CC[C@]23CC[C@H]2N3C1,82.7,117.12,123.6,-4.554
402,CC(C)ON(CO)CCO,82.7,117.12,123.6,-4.164
403,CC[C@@H]1C[C@@H]1N(CC)CC,82.7,117.12,123.6,-3.766
404,O=COCCNCCCCCCOC[C@H](O)[C@@H](O)CO,82.7,117.12,123.6,-5.158
405,CC(O)O,100.66,120.64,121.63,-3.28
406,COC(=O)[C@@]12C[C@@H]1[C@H](CC[C@H]1CC[C@@H]3c4ccc(C[C@H]5C[C@H]5CC[C@H](O)CC[C@@H]5O[C@@H](CO)[C@H](O)[C@@H]6CC[C@H](OC)CC[C@H]65)cc4C(=O)N3C1=S)C[C@@H]2C,100.66,120.64,121.63,-7.81
407,N[C@]1(O)C=C[C@@H]2[C@@H](C(=O)O)[C@@H]21,100.66,120.64,121.63,-5.837
408,O=C1NCC=CC1C1=CCCCC1,100.66,120.64,121.63,-5.545
409,CC[C@@H]1C(=O)COc2ccccc21,100.66,120.64,121.63,-5.836
410,O[C@@H]1CC[C@@H](O)[C@@H](O)C1,100.66,120.64,121.63,-4.923
411,O=C1[C@@H](O)[C@]1(O)CO,100.66,120.64,121.63,-4.755
412,C[C@H]1CC[C@H](C2(O)OO2)CC1,100.66,120.64,121.63,-5.074
413,NCS[C@@H]1CC(=O)[C@@H]1O,100.66,120.64,121.63,-4.632
414,CCC1N2CC=C(N)C=C2C1(C)C,100.66,120.64,121.63,-5.019
415,NC(=O)CN=CC(=O)N[C@@H]1CO1,79.64,87.08,110.49,-6.79
416,COC(=O)[C@H]1C=CC(C(=O)O)=C1,79.64,87.08,110.49,-6.831
417,N=CC(=O)CCC(=O)O,79.64,87.08,110.49,-5.384
418,Cc1ccccc1C=N[C@H](CNC(=N)C(=O)O)[C@H](O)C(=O)[C@@H](C)N[C@H](C)CN,79.64,87.08,110.49,-7.85
419,O=C(O)[C@H](F)CO,79.64,87.08,110.49,-5.399
420,OC[C@H](OC[C@H]1O[C@@H]1O)N(O)CO,79.64,87.08,110.49,-6.896
421,O=P(O)(O)COP(=O)(O)O,79.64,87.08,110.49,-5.793
422,CCN(C)C(=O)c1cc(CCCCC=N)ccc1O,79.64,87.08,110.49,-6.505
423,COCCC[C@@H](O)CC(=O)O,79.64,87.08,110.49,-5.843
424,CNCC1=NC[C@@H]([C@H](N=NC(=O)O[C@H]2C[C@H](CC(=O)NC)[C@@H]3O[C@]23O)N[C@H](CCCCON(O)[C@H](C)C(=O)NC[SH](O)O)NC2=C3/N=C\C=C=CC[C@@H]32)N1,79.64,87.08,110.49,-9.098
425,CNCSCCCCCO,95.19,130.04,114.68,-3.604
426,CC1=C[C@@H](CCC(=O)O)C=N1,95.19,130.04,114.68,-4.31
427,CCN(O)[C@@]1(CC)CCCCN([C@@H]2CCCC[C@@H]([C@@H](C)C[C@@H](C)[C@](C)(CC)[C@H]3C[C@@H]3C3CC(=O)N(C)[C@@H]([C@H](O)C=N)O3)C2)C1,95.19,130.04,114.68,-6.539
428,OCN(O)[C@@H]1O[C@H]1C(F)F,95.19,130.04,114.68,-4.648
429,C#CC(=O)NC[C@@]12CN1N2,95.19,130.04,114.68,-5.467
430,O[C@@]12C[C@@H]1Oc1ccccc12,95.19,130.04,114.68,-5.411
431,C1C[C@@H]2N[C@@H]2C1,95.19,130.04,114.68,-3.932
432,CNCc1ccccc1,95.19,130.04,114.68,-4.442
433,BrOOBr,95.19,130.04,114.68,-2.794
434,O=C(O)CC1CCCC1,95.19,130.04,114.68,-5.0
435,C[C@H]1[C@@H]2C3(CCC3)[C@@]3(C)C[C@]213,102.07,122.61,79.18,-5.253
436,NC(=O)C1=C[C@@H](N)N=C1,102.07,122.61,79.18,-5.359
437,O[C@H]1[C@@H](O)[C@]2(CO2)C[C@@H]1O,102.07,122.61,79.18,-4.635
438,O=C(O)c1cc(O)ccc1O,102.07,122.61,79.18,-5.418
439,C=C1C[C@H](C)[C@]1(C)C[C@H]1S[C@H]1C,102.07,122.61,79.18,-4.342
440,NC(=O)CC(N)=O,102.07,122.61,79.18,-5.024
441,CS[C@H](O)N1CCO[C@H](CO)C1=O,102.07,122.61,79.18,-4.988
442,O[C@H]1[C@H](O)CCN[C@H]1O,102.07,122.61,79.18,-5.577
443,C[C@@H]1C(=O)CC[C@@H]1S,102.07,122.61,79.18,-3.807
444,C[C@@H]1CN[C@H]([C@H]2NCCN2O)S1,102.07,122.61,79.18,-4.779
445,O=C(O)C[C@H](O)[C@H](O)c1ccccn1,105.86,107.14,120.07,-6.35
446,C[C@]1(O)C[C@@H](NS(O)(O)O)SC1CO,105.86,107.14,120.07,-5.808
447,C[C@@H]1NC(=O)[C@@H](O)C(=O)S1,105.86,107.14,120.07,-5.468
448,O=C(O)c1ccc(O)cc1,105.86,107.14,120.07,-5.431
449,CCN[C@](N)(NCN)N(C)NOO,105.86,107.14,120.07,-5.303
450,O=C1S[C@@H]1O,105.86,107.14,120.07,-3.674
451,BrBr,105.86,107.14,120.07,-1.632
452,COC(=O)OC[C@H](O)CCCCO[C@@H](O)[C@H](OC[C@H](C)O)O[C@H](C)C(CO)CO,105.86,107.14,120.07,-6.302
453,CC(=O)CC(=O)N1CC[C@@H](C(N)=O)C1,105.86,107.14,120.07,-6.543
454,COCC(=O)[C@H](O)c1ccccc1,105.86,107.14,120.07,-5.569
455,CN1CC(=O)NC(=S)C1,103.92,97.95,108.48,-5.441
456,O=P(O)(O)O[C@@H](O)C[C@@H](O)OCS,103.92,97.95,108.48,-5.292
457,O[C@@H]1[C@@H]2C[C@@H]2OC[C@@H]1O,103.92,97.95,108.48,-5.363
458,OC1CCCCCC1,103.92,97.95,108.48,-5.271
459,O=C(NO)[C@@H]1C=CCCC1,103.92,97.95,108.48,-6.278
460,N=C1C[C@@H]2COC[C@@H]2N1,103.92,97.95,108.48,-4.964
461,O=C(O)CC(O)O,103.92,97.95,108.48,-4.923
462,O=C(O)[C@H](O)C(O)O,103.92,97.95,108.48,-5.465
463,O=C(O)C[C@@H](O)C(=O)O,103.92,97.95,108.48,-5.557
464,CO[C@@H](C)O[P@](C)(=O)O,103.92,97.95,108.48,-4.581
465,O=C(O)CNC(=O)[C@@H]1CC(=O)CCCCN2O[C@@H](C1)[C@@H](CO)[C@H]2O,90.1,90.04,104.86,-7.941
466,O=[P@@]1(O)[C@H]2CC3=C(CCCCOC4=CCC[C@@H](O)[C@@H]4S2)N=CCN31,90.1,90.04,104.86,-8.816
467,N[C@H]1C[C@H](C[C@@H]2C[C@H]2C[C@H]2CNCN2)C[C@@H]1c1ccc(C(=O)c2ccc3c[nH]cc3c2)cc1,90.1,90.04,104.86,-9.746
468,c1cc2c(s1)NC1CC[C@@H](OCC[C@@H]3CO3)C[C@H]21,90.1,90.04,104.86,-6.56
469,C[C@@H]1[C@H](O)[C@@H](CO)C[C@H]2C([C@@H]1CCN[C@H](C)CO)N2C1=NC2=NCSC2=C1,90.1,90.04,104.86,-7.961
470,CCC=CC[C@@H]1NCN[C@@H]1c1ccccc1,90.1,90.04,104.86,-7.989
471,CN1CC([C@H]2C(=O)N[C@@H]3C=CC=CC=C23)CN1,90.1,90.04,104.86,-6.951
472,O[C@H]1CCC[C@@H](CN2/C=C/NOCC[C@H](O)COc3cccc2c3)CC1,90.1,90.04,104.86,-9.012
473,CC[C@H](O)OCCCCCCC(O)O,90.1,90.04,104.86,-6.113
474,C[C@@H]1CN([C@H](CO)C[C@@H](O)CC(=O)O)OC(=O)C(=O)O1,90.1,90.04,104.86,-6.996
475,CCCOC(=O)CO,76.73,115.77,112.7,-4.117
476,CCC[C@H]1C[C@H]1N[C@H]1C[C@@]12CC=C(O)CC2,76.73,115.77,112.7,-5.452
477,OC1=C(O)CSC=C1,76.73,115.77,112.7,-4.238
478,O=C(O)N[C@H](O)CCCO,76.73,115.77,112.7,-4.853
479,C[C@H](CCOC1OO1)N([C@@H]1[C@H]2CCO[C@H]21)[C@H](O)[C@@H](O)NN(C)C,76.73,115.77,112.7,-6.066
480,N=C1C=C[C@H]2C[C@@H](O[C@H](C=O)CO)C=C[C@H]2N1,76.73,115.77,112.7,-6.579
481,CNOCOP(=O)=O,76.73,115.77,112.7,-4.577
482,OCCO[C@@H](S)O[C@@H]1[C@H](CO)C[C@H](O)[C@H]1O,76.73,115.77,112.7,-5.529
483,CC[C@H]1SC[C@H]2NC(=O)NN(CC3CCOCC3)C=C21,76.73,115.77,112.7,-6.45
484,O=C([C@@H]1CCN2C[C@@H]12)N1COC[C@H](CO)[C@@H](O)C1,76.73,115.77,112.7,-6.276
485,OC(O)[C@H]1C(O)[C@@H]1C(O)O,90.09,75.21,95.85,-6.155
486,C1OC[C@H]2O[C@@H]12,90.09,75.21,95.85,-4.433
487,O=C(O)CP(=O)(O)O,90.09,75.21,95.85,-5.411
488,O[C@@H]1CCCNCC1,90.09,75.21,95.85,-5.454
489,O=C1CN1CC[C@]12[C@@H]3N[C@@]1(O)[C@@H](O)CC[C@@H]32,90.09,75.21,95.85,-7.75
490,NC(=O)CNC(=O)C(=O)O,90.09,75.21,95.85,-6.265
491,OC[C@H](O)C(O)O,90.09,75.21,95.85,-5.606
492,NC(=O)C(=O)O,90.09,75.21,95.85,-5.243
493,O=C(CO)CC(O)O,90.09,75.21,95.85,-5.212
494,NC(=O)[C@@H]1CCCC[C@H]1O,90.09,75.21,95.85,-7.01
495,O=C1CSCCCN1,118.66,126.22,91.35,-4.226
496,F[C@]1(c2cccnc2)CCO[C@@H]1COC12O[C@@]13O[C@@H]23,118.66,126.22,91.35,-5.834
497,O[C@@]1(SS)C[C@H]2O[C@H]2O1,118.66,126.22,91.35,-4.371
498,C=C(C)[C@@H](C(=O)[C@@H](C[C@@H]1CCSC1)[C@H]1CO1)[C@@H]1CN1,118.66,126.22,91.35,-5.334
499,C[C@@]1(F)[C@H]2C3(S)[C@@H]([C@@H]1F)[C@@]31O[C@]21CC=CC#CC#N,118.66,126.22,91.35,-6.119
500,O[C@@H]1[C@H]([C@@H](O)[C@@H](O)C[C@]23O[C@H]2[C@@H]2O[C@@H]2[C@@H]2O[C@@H]23)OC[C@H]1O,118.66,126.22,91.35,-6.908
501,CC(=O)c1cc(-c2csc(NN3CC3=O)n2)no1,118.66,126.22,91.35,-6.173
502,OC1=C(CCc2ccc(O)cc2)CC=CC=C1,118.66,126.22,91.35,-6.554
503,C[C@@H](NCCO)[C@@H]1[C@H]2C[C@]34CC(F)=CCC[C@@H]3[C@H]4[C@H]21,118.66,126.22,91.35,-6.745
504,C=C(CCO)[C@@H](C)CC[C@H](C)O,118.66,126.22,91.35,-4.81
505,C[C@@H]1CC(=O)CC=C(C(=O)NCCC=O)[C@H]1O,100.81,129.83,94.71,-5.385
506,COCC[C@H](O)[C@@H]1CC[C@H](NNC[C@H]2CC[C@@H](O[P@@](=O)(O)S)CN2)C[C@H]1C,100.81,129.83,94.71,-6.07
507,OCOC[C@H](O)CO,100.81,129.83,94.71,-4.117
508,CCO,100.81,129.83,94.71,-2.88
509,C[C@H](O)CNC(=O)C[C@@H]1O[C@@H](C(=O)O)[C@H]2CCC(=O)NO[C@H](OCC(F)(F)F)[C@@H](O)[C@H]21,100.81,129.83,94.71,-7.119
510,O=C(O)NCCNN[C@H]1CCCOC1,100.81,129.83,94.71,-5.16
511,BrOBr,100.81,129.83,94.71,-2.344
512,OC[C@@H]1O[C@@]23CCCCC2[C@@H]3[C@]1(O)CO,100.81,129.83,94.71,-5.774
513,OC[C@H](C(O)O)[C@@H](O)C[C@@H]1CO1,100.81,129.83,94.71,-5.011
514,C=C1C(=O)N[C@@H](F)[C@@H](Oc2cccc(C)c2)[C@@H]1OCC[S@](=O)CO,78.17,115.99,120.93,-6.961
515,COC(=O)N1C[C@H](CCNC(=O)[C@@H]2CCCN2COP(O)CO)CN1,78.17,115.99,120.93,-7.056
516,BrOOBr,78.17,115.99,120.93,-3.377
517,OOSOOS,78.17,115.99,120.93,-3.643
518,O=C(CC(=O)C1CCOCC1)NC(=O)N1CO1,78.17,115.99,120.93,-6.472
519,Cc1ccc([C@H]2C[C@@H](S(=O)(=O)N[C@@H](C)C(=O)NNC[C@@H](O)C3=C(F)C=CN[C@H]3C)CN2[C@@]2(O)CNC(=O)C2)cc1N,78.17,115.99,120.93,-9.548
520,CC[C@H]([C@@H](CC)OS(O)(O)OCC[C@H]1CC2C(=C(O)[C@H]3CCCC[C@@H]23)N=N1)N1O[C@H](O)[C@H](O)C1=O,78.17,115.99,120.93,-8.223
521,O=CCBr,78.17,115.99,120.93,-2.606
522,CCN1C(=O)CO[C@H](CC(=O)NC(=N)CC2=CC=CC(CCCNC(=O)[C@@H](c3ncccc3C)C3N[C@H](C=N)CS3)=CC2)[C@H]1O,78.17,115.99,120.93,-9.189
523,O=C(O)NCCO,100.34,99.77,64.23,-4.067
524,CO[C@]12C[C@@H](O)C(=C=O)[C@@H]1[C@@H](O)[P@@](=O)(O)O[C@H]2[C@H](O)[C@H]1[C@H]2O[C@]2(C(N)=O)[C@@H]1C(=O)O,100.34,99.77,64.23,-6.046
525,O=C(O)CCC(=O)O,100.34,99.77,64.23,-5.31
526,CCCC[C@@H](O)C(C)(O)O,100.34,99.77,64.23,-4.465
527,O[C@H]1[C@@H](O)CON2C[C@@H]12,100.34,99.77,64.23,-4.976
528,Cc1ccccc1C(=O)O,100.34,99.77,64.23,-4.992
529,NOBr,100.34,99.77,64.23,-3.034
530,OOBr,100.34,99.77,64.23,-2.924
531,CCC(=O)CO,100.34,99.77,64.23,-4.462
532,C[C@@H]1CC(N2[C@H]3CC3C[C@H]2[C@@H]2C[C@H]3[C@H](O)[C@@H]([C@@H]4CO4)[C@H](C[C@H]4O[C@@H]4c4ccccc4)C[C@@]3(O)C2)COC=C1CCCO,100.34,99.77,64.23,-6.865
533,C=CCCCCC(N)=O,97.09,113.31,98.22,-4.561
534,C[C@@H]1C[S@H]2[C@@H]1[C@H]2C(C)(C)S,97.09,113.31,98.22,-3.968
535,Clc1ccc2cccnc2c1,97.09,113.31,98.22,-5.459
536,CN1[C@@H]2C[C@@H]2[C@@H]1C1CCCC1,97.09,113.31,98.22,-5.051
537,O[C@@]1(CCC2CC2)CCOC1,97.09,113.31,98.22,-4.925
538,CCC1C[C@H]2SC(N)N=C2O1,97.09,113.31,98.22,-5.269
539,C[C@H](S)CNc1cccnc1,97.09,113.31,98.22,-4.772
540,O=C(O)c1ccc(F)cc1,97.09,113.31,98.22,-6.081
541,C#C[C@H]1[C@H]2C(c3ncn[nH]3)[C@@H]12,97.09,113.31,98.22,-5.489
542,C=C1CCC2=C[C@H]3C[C@H]3O[S@H]2C1,97.09,113.31,98.22,-5.233
543,C=CN(CCC1CC1)C(=O)C1=N[C@H]2CC(C[C@@H](C(=O)O)[C@@]3(CO)C[C@@H]3C(C)C)NC2=N1,77.24,110.85,99.05,-7.091
544,COOc1cccc(OCC(=O)C(=O)NCCOC2=NCC(=O)N2C[C@H]2OCC[C@H]2[C@@H]2CCCCO2)c1,77.24,110.85,99.05,-8.562
545,COCC=CN(COC)C[C@@H](O)O[C@@H](O)[C@]1(O)[C@@H]([C@@H](OO[C@]2(CCO)O[C@H]2O)[C@@H]2[C@]3(OO[C@H](CCSC)OCNO[C@](C)(C[C@]4(CCO)C(=O)N4O)OO)O[C@]23OC)[C@H]1CC(=O)N(O[C@@]12COO[C@H]3COCC[C@@H](C(=O)O)[C@H](OC[C@H](O)[C@@H](C)CO)[C@]31C2)[C@H]1P(O)C1(O)O,77.24,110.85,99.05,-7.28
546,OOBr,77.24,110.85,99.05,-3.035
547,OOOOOOO,77.24,110.85,99.05,-5.245
548,O=C[C@H]1OC1=O,77.24,110.85,99.05,-4.313
549,C[C@H]1[C@H](Br)[C@@]1(O)Br,77.24,110.85,99.05,-3.573
550,O=C1NCC[C@H]1[C@H](O)[C@@H]1[C@H](CN(CO)CCC2=CCC=C3[C@H](CC[C@H](O)C3(F)F)C2)[S@TB14]1(=O)=O,77.24,110.85,99.05,-8.207
551,OOOOO,77.24,110.85,99.05,-4.365
552,CO[C@@H]1O[C@H](OC[P@@](=O)(O)[C@H]2[C@@H](O[C@@H](O)CCCC(F)(F)P(=O)(O)O)[C@]23OC[C@@H](C2C=NN=C2)O3)CC[C@@H]1O,77.24,110.85,99.05,-8.069
553,C=CNC(=N)c1cccc(N)c1,126.03,115.58,72.99,-5.258
554,Cn1ccnc1NC1=NCCOCC1,126.03,115.58,72.99,-5.149
555,CC[C@@H]1CON([C@H]2[C@@H]3O[C@]23O)C1,126.03,115.58,72.99,-5.075
556,NCC(=O)[C@H]1[C@@H]2CNN[C@@H]21,126.03,115.58,72.99,-4.883
557,C[C@H](CO)[C@@H](O)C(O)(O)F,126.03,115.58,72.99,-4.592
558,O=C(O)C1C[C@H]2CNC[C@@H]2C1,126.03,115.58,72.99,-4.765
559,N=CC[C@@H]1CN(N)CO1,126.03,115.58,72.99,-4.541
560,CN1CCC(=O)CCCC1=N,126.03,115.58,72.99,-5.56
561,CN(C)CC(O)CP(=O)(O)O,126.03,115.58,72.99,-4.095
562,CO[C@@H](C(=O)O)c1ccccc1,126.03,115.58,72.99,-4.927
563,CCCOCCNNC,131.74,99.32,92.0,-4.441
564,O=C(O)[C@H]1C[C@H](O)CN1,131.74,99.32,92.0,-5.267
565,Nc1cccc(C(=O)O)c1,131.74,99.32,92.0,-5.031
566,CCc1ccccc1[C@@H]1NO1,131.74,99.32,92.0,-5.137
567,C1=Cc2cnccc2CC1,131.74,99.32,92.0,-5.501
568,CSCCCCN(C)O,131.74,99.32,92.0,-3.611
569,O=C1C=C(O)CC[C@H]1O,131.74,99.32,92.0,-4.884
570,C[C@H](O)c1ccc(CN2CCCC(OS[S@](O)(CF)N3CCCC3)C2)cc1F,131.74,99.32,92.0,-6.072
571,Nc1ccccc1C(=O)O,131.74,99.32,92.0,-4.902
572,C1=C2CCCC[C@H]2CCC1,131.74,99.32,92.0,-4.579
573,CC(C)O[C@H](O)COP(=O)(O)O,83.12,101.25,109.22,-6.023
574,N#CNOCCOC(=O)C(=O)O,83.12,101.25,109.22,-5.552
575,NNC(=O)O,83.12,101.25,109.22,-5.106
576,O=C(O)C(C(=O)O)[C@@H](CO)CCO,83.12,101.25,109.22,-6.628
577,O=C(O)C1[C@H](O)[C@H](O)[C@@H](O)[C@H]1O,83.12,101.25,109.22,-6.895
578,N[C@@H](C(=O)O[C@@H](CO)C(=O)[C@H](NC(=O)O)C(=O)NC(=O)O)[C@H](O)[C@@H]1CO1,83.12,101.25,109.22,-7.664
579,O=P(O)(O)O[C@H](CNCCO)C[C@@H](O)CS(=O)(=O)C[C@@H](O)CO,83.12,101.25,109.22,-6.333
580,C[C@@H]1[C@H](COP(=O)=O)OCC(=O)[C@H]1O,83.12,101.25,109.22,-7.196
581,N=C(CO)C(=O)O,83.12,101.25,109.22,-5.087
582,O=C1[C@@H](O)C[C@@H](P(=O)(O)O)[C@H]1O,83.12,101.25,109.22,-7.069
