key_idx,smiles,x,y,z
0,CCNC(=O)NCSN1C[C@@H](C)[C@]2(C)c3ccccc3C[C@H]12,17.77,-60.56,16.06
1,c1cc2c(cn1)SCCC2,17.77,-60.56,16.06
2,C1=NC=C2N=CC=C2C1,17.77,-60.56,16.06
3,C[C@@H]1[C@@H](C)N[C@@H]1C[S@](O)(CNC(=O)C[C@@H](O)CF)CC(N)=O,17.77,-60.56,16.06
4,O=C1CC=CC=N1,17.77,-60.56,16.06
5,C=C[C@@H](O)[C@H]1C(=O)SC[C@H]1O,17.77,-60.56,16.06
6,C[C@@H]1[C@H](C)N(C=C2CCCCOO2)[C@@H](C(N)=O)CON1CC(O)(O)NC(=O)N=CCC1CCCCC1,17.77,-60.56,16.06
7,O=C(O)CC1=NCSN1,17.77,-60.56,16.06
8,C[S@H]1[C@H](CNNC(=O)CCN)N=C2NCN[C@H]2[C@@H]1O,17.77,-60.56,16.06
9,CC(=C=O)N1CCC(=O)CC1,13.06,-72.33,34.75
10,OCC1=COCC[C@H]1CO,13.06,-72.33,34.75
11,CCN[C@@H]1CCCC[C@H]1N1[C@@H]2CCC=CC=C2S1(=O)=O,13.06,-72.33,34.75
12,CC(=O)C=O,13.06,-72.33,34.75
13,OOBr,13.06,-72.33,34.75
14,C[C@@H]1C[C@@H](CCCSC[C@H](C)NC(=O)N(O)CC2CC2)C(=O)S1,13.06,-72.33,34.75
15,OCC(O)O,13.06,-72.33,34.75
16,CC(C(=O)O)[C@H](CC[C@H]1COCC[C@H]1OP(=O)(O)O)[C@@H](O)O[C@H]1[C@@H]2C[C@@]21C(=O)[C@@H](O)NC[C@H](C)S(=O)(=O)N[C@@H]1COC[C@H]([C@H](CC[C@@H](OO)C2CCNCC2)C(=O)O)[C@@H]1O,13.06,-72.33,34.75
17,COC(=O)CCC[C@H](CO)[C@H]1[C@@H]2N[C@H]3CCC[C@H](F)[C@@H]3C[C@@H]2CN1O,13.06,-72.33,34.75
18,CCO[C@@]1(O)C(=O)O[C@]2(CC[C@H](CS[C@H](NO[C@H]3[C@@H]4C[C@@]43C(=O)O)[C@H](O)OP(=O)(O)O)C[C@@H]2O)[C@@H](O)[C@H]1O,13.06,-72.33,34.75
19,O=C(F)[C@H](O)[C@@](O)(C1=NC=C(O)C1)[C@@H]1C[C@H]2O[C@H]2O1,-20.54,-20.59,28.36
20,O=c1[nH]c(=O)c2c(o1)CNCC2,-20.54,-20.59,28.36
21,N[C@@H]1CC=C[C@H]([C@@]2([C@@H]3[C@@H]4[C@@H](O)[C@@H]43)[C@@H]3[C@@H]4C[C@@]342)C1,-20.54,-20.59,28.36
22,CC1CNCC1Cc1cc(N)ccc1N(Cc1nccnc1N)c1ccc(F)cc1,-20.54,-20.59,28.36
23,O=C(O)N(C[C@H](CO)Cc1ccccc1)[C@H]1CO1,-20.54,-20.59,28.36
24,C=CCCCCCCCC1=CC[C@@H](O)C1(C)C,-20.54,-20.59,28.36
25,C[C@]12CCC1=CC=CC2=O,-20.54,-20.59,28.36
26,CN1CCC[C@H]([C@H](c2ccc(=O)[nH]c2)[C@@H]2C[C@H](CN)C[C@H]2O)C1,-20.54,-20.59,28.36
27,O=C(O)N1CCc2ccccc21,-20.54,-20.59,28.36
28,O=C1NCCC[C@@H]2CCC[C@H]2N1C[C@@H](CF)CCC1=C[C@H]2CCCC2=CC=C1,-20.54,-20.59,28.36
29,C[C@H](O)C(F)C(=C[C@@H](C)C=O)[C@H]1O[C@]12CC2(F)F,4.33,-85.1,13.67
30,CC1(Cc2sc(CCCC3CC3)nc2CC(=O)O)CC1,4.33,-85.1,13.67
31,C#CC[C@H]1[C@@H]2CC[C@H]3[C@@H](O)CC[C@@]34O[C@@H]4O[C@@H]3C[C@@H](C)[C@]34NC4[C@H]12,4.33,-85.1,13.67
32,C=C1C[C@H]2N[C@]2(C)CC[C@H]1C(C)C,4.33,-85.1,13.67
33,CSC[C@H]1C[C@@H]1[C@H](S)C1CSC1,4.33,-85.1,13.67
34,CNC[C@]12C(=C=O)[C@H](C(=O)C3CC3)[C@H]3[C@]45O[C@@]46CCCO[C@@H]6[C@@H](C4=CN=CC4)/C=C\[C@@]1(O)[C@@]325,4.33,-85.1,13.67
35,N#CCOc1ccccc1,4.33,-85.1,13.67
36,CC1([C@]2(C)CC[C@H]2CCOCC[C@@H](F)[C@]2(CC3(F)CC3)C[C@H]2F)CC1,4.33,-85.1,13.67
37,C=C(CO)O[C@H]1[C@@H]2CC[C@@H]3[C@@H](C[C@]45O[C@@H]4[C@H]4[C@H]([C@@H]4[C@@H](Oc4ccccc4)C(O)O)[C@@H]35)[C@@H]21,4.33,-85.1,13.67
38,C[C@H](C[C@@]12O[C@H]3[C@]4(C)[C@@H](CCN(O)C[C@]5(O)C[C@@]51[C@@H]2C)[C@H]1C[C@]12C[C@@]324)OC[C@@H]1NCCS1,4.33,-85.1,13.67
39,CN1CCCCC1,-6.11,-10.3,9.02
40,Cl,-6.11,-10.3,9.02
41,CO[C@H]1N2OC(=O)[C@@H](O)C(=O)O[C@H]3O[C@H](C[C@@]12O)O[C@@H](CO)[C@H](O)O3,-6.11,-10.3,9.02
42,OCCCCNCC[C@]1(O)CC[C@@H]([C@@H]2CO2)OCN1,-6.11,-10.3,9.02
43,C[C@H](O)C(=O)C[C@H]1C=C([C@@H](OC[C@H](O)COCCOCCC(=O)OCCCOCc2ccccc2)C(=O)O)O[C@@H]1C1CC1,-6.11,-10.3,9.02
44,C=CC(CC(CC)COC)C(C)CC,-6.11,-10.3,9.02
45,O=C1C=CC(C(=O)O)C=C1,-6.11,-10.3,9.02
46,C[C@H]1CN(Cc2ccc(C(=O)O)cc2)C[C@H]1O,-6.11,-10.3,9.02
47,CCCCC([C@H]([C@@H](O)[C@H](O)CC(=O)[C@H](OC)[C@H](O)CC(=O)OC)[C@@H](OCC)[C@@H](O)OC)[C@H](O)[C@@H]1CC(=O)C(=O)CO1,-6.11,-10.3,9.02
48,O=CCCOCNO,10.99,-59.63,36.91
49,O=C(O)C(O[C@@H]1C=C(CC[C@H](O)[N+](=O)[O-])C=C(O)C(O)=C1)C(=O)O,10.99,-59.63,36.91
50,C[C@@H](O)CN[SH](O)O,10.99,-59.63,36.91
51,OCCC1CCC1,10.99,-59.63,36.91
52,OCCOCC(O)O,10.99,-59.63,36.91
53,CC(=O)NCC[C@H](C)O,10.99,-59.63,36.91
54,COc1ccc(CNC2=CC(N)=C(C)C3N=CN=C23)nc1,10.99,-59.63,36.91
55,O=C(O)[C@@H]1CCOC1=O,10.99,-59.63,36.91
56,O=C(O)C(O)O,10.99,-59.63,36.91
57,O=C(O)CC(=O)O,10.99,-59.63,36.91
58,CCCO[C@H]1[C@@H](C)CCCC(=O)[C@@H]1CC(=O)CCCCN[C@H](N=C[C@H](O)CO)OC,-27.06,-23.86,50.85
59,CCNNC1=CNNC1,-27.06,-23.86,50.85
60,Fc1cc(Cl)c(Cl)c(Cl)c1,-27.06,-23.86,50.85
61,CCS(=O)(=O)NC[C@@H]1[S@@H](OC(=O)[C@H](O)C2CCCCO2)[C@]1(C)O,-27.06,-23.86,50.85
62,O[C@@H]1[C@@H]2CC[C@@H](O)[C@@H](C2)[C@H]1O,-27.06,-23.86,50.85
63,CC(C)(N)S,-27.06,-23.86,50.85
64,C=C1CCCOC1=O,-27.06,-23.86,50.85
65,O=C1CC=C(C(=O)O)CS1,-27.06,-23.86,50.85
66,CCSSC[C@@H](N)O,-27.06,-23.86,50.85
67,CC1=C2C[C@H]3CCC[C@H]3C[C@H]2C(=N)N1,-27.06,-23.86,50.85
68,CSCc1ccc(F)cc1,-2.7,-24.05,22.24
69,CCC[C@]12CCCC[C@H]1[C@]2(O)NC[C@H]1C=CC(=C=O)NC1,-2.7,-24.05,22.24
70,Cc1ccc(C2CCNCC2)cc1,-2.7,-24.05,22.24
71,COC(=O)Cc1cc(O)cc(N)c1O,-2.7,-24.05,22.24
72,Oc1cccc(CCc2ccccc2)c1O,-2.7,-24.05,22.24
73,O=C1NC[C@@]23CCC[C@@H](C4OO4)[C@@H]2[C@@H]13,-2.7,-24.05,22.24
74,O=C(O)CO[C@H]1CC=CC(=O)C1,-2.7,-24.05,22.24
75,NC(=O)NCC[C@@H]1CC[C@@H](OCCCC(=O)O)C1,-2.7,-24.05,22.24
76,C1=CC[C@@H](Oc2cc3c4c(c2)SC(C2CC2)N4CCC3)C=C1,-2.7,-24.05,22.24
77,O=C(O)c1ccc([C@@H]2CCCCN2)cc1F,-2.7,-24.05,22.24
78,CN1CCCN1,-23.06,-33.03,2.82
79,O=C(O)N1C=CSCC1,-23.06,-33.03,2.82
80,O[C@H]1CCSC1,-23.06,-33.03,2.82
81,O=C(O)CC(O)(O)O,-23.06,-33.03,2.82
82,O=C(O)CC(=O)CO,-23.06,-33.03,2.82
83,CN[C@@H](O)C[C@H]1CC[C@H](O)C1,-23.06,-33.03,2.82
84,CN[C@H]1C[C@H](C(=O)NC=N)SC1=O,-23.06,-33.03,2.82
85,O=C(O)[C@@H]1NCCC1=O,-23.06,-33.03,2.82
86,C[C@@H](O)[C@@H]1COC[C@H](N)C=C1O,-23.06,-33.03,2.82
87,OS1(O)OCCCCO1,-23.06,-33.03,2.82
88,O=C(O)C1N=C2NCC[C@H]2S1,4.41,-59.11,18.6
89,CCSC1=CC[C@H](CNO)S1,4.41,-59.11,18.6
90,NC(=O)C1=CC[C@@H](F)CC=C1,4.41,-59.11,18.6
91,COC1=NC2=CC[C@H](C)CC3=C4CCCCC=C4OC(=C23)C1,4.41,-59.11,18.6
92,C[C@@H]1NCCN1CNNNCNC(=O)[C@@H]1C[C@H]1[C@H](O)CCO,4.41,-59.11,18.6
93,N=C1C=Nc2ccccc21,4.41,-59.11,18.6
94,O=C(O)c1nsc(-c2csc(=NNN[C@H]3CCSC3)o2)n1,4.41,-59.11,18.6
95,CC1CN(CNCC(=O)O)c2nc(N)ccc21,4.41,-59.11,18.6
96,CC(=O)C(=O)O,4.41,-59.11,18.6
97,NC(=O)NCNNOc1ccncc1,4.41,-59.11,18.6
98,N=C1C[C@H](CCN)C=CN1,-25.27,-16.89,50.71
99,NC1=CNC2=NCCC2=N1,-25.27,-16.89,50.71
100,O=C1OCO[C@@H](CO)S1,-25.27,-16.89,50.71
101,C=C1N=C(ON)[C@H](CC[C@H]2NN([C@H]3CCCOC3)[C@@H]3C(=O)NCC[C@@H]32)CN1C[C@H]1OC(=CCN2[C@H](CO)[C@H]2C(=O)O)[C@@H]1C,-25.27,-16.89,50.71
102,C[C@H](CC=O)C1COC1,-25.27,-16.89,50.71
103,OCOOOO,-25.27,-16.89,50.71
104,C1C[C@H]2CN[C@H]3C[C@@H]1C[C@@H]23,-25.27,-16.89,50.71
105,N[C@H](O)CCO,-25.27,-16.89,50.71
106,SC[C@H]1CCCOS1,-25.27,-16.89,50.71
107,F[C@@H]1CCN=C(N2CC2)C1,-25.27,-16.89,50.71
108,Nc1cccc([C@@H]2CCNN2)c1,14.57,-55.18,14.27
109,NCc1cccc(N[C@@H](O)CC=O)c1,14.57,-55.18,14.27
110,C[C@@H](C=C(CN1CCSC1)OC1=CC=CC=C(N)C1)[C@H]1CCN(C[C@H](O)N(C)C(=O)C2CCCCC2)C1,14.57,-55.18,14.27
111,C[C@H]1C2[C@H]3C[C@@H]4C[C@@H]4[C@@H]3CCC[C@@H]21,14.57,-55.18,14.27
112,O=C1CCCN1O,14.57,-55.18,14.27
113,Nc1ccc(F)cc1,14.57,-55.18,14.27
114,C[C@]12CSCO[C@@]1(O)S2,14.57,-55.18,14.27
115,C#CCNCOCO,14.57,-55.18,14.27
116,CN1CCC(=C2CCCOC2=O)C1,14.57,-55.18,14.27
117,NN(Br)OOOO,14.57,-55.18,14.27
118,C=C(C)C1NN[C@@H](CO)C2=C[C@H](CNC[C@@H]3C(F)=CCCC[C@H]3CO[C@H](CNC(=O)O)[C@@H]3CO3)C(=O)[C@@H]([C@@H](C)F)O[C@H]21,0.18,-16.38,9.18
119,C[S@OH7](O)(NC(N)=O)NC(=O)CO,0.18,-16.38,9.18
120,NC[C@@H]1N(O)[C@@]2(S)C[C@@]12O,0.18,-16.38,9.18
121,O=C(O)CO,0.18,-16.38,9.18
122,O=C1NS[C@H]2CCCN=C12,0.18,-16.38,9.18
123,BrCNBr,0.18,-16.38,9.18
124,O=P(O)(O)OP(=O)(O)O,0.18,-16.38,9.18
125,NC(=S)NC1=NC=CC1O,0.18,-16.38,9.18
126,NC(=O)C=NC(C(=O)O)C(=O)O,0.18,-16.38,9.18
127,O=C(O)[C@H](O)C[C@@H](O)CO,0.18,-16.38,9.18
128,NCCCN(N)C(=O)CC(O)O,17.72,-69.99,10.64
129,FC1=C[C@@H](CN2CCOC2)CCC1,17.72,-69.99,10.64
130,C[C@@H](O)[C@H]1CCC(=O)C1,17.72,-69.99,10.64
131,O=C([C@H]1CNSN1)N1CC1,17.72,-69.99,10.64
132,O=C1Cc2ccccc2OO1,17.72,-69.99,10.64
133,O=C1COC[C@H](O)[C@@H]1O,17.72,-69.99,10.64
134,C1C[C@@H]2N[C@]3(CNCN3)[C@H]2CN1,17.72,-69.99,10.64
135,C[C@H]1COCC[C@H]1O,17.72,-69.99,10.64
136,OCC=NC[C@@H](O)CCCN1N[C@]12CO2,17.72,-69.99,10.64
137,CC(C)C[C@@H]1OC[C@H](O)[C@@H]1C(O)O,17.72,-69.99,10.64
138,C1=N[C@@H]2O[C@@H]2OC1,-44.65,-52.6,15.92
139,OC1C=CC(=C2C[C@@H]3O[C@H]23)CC1,-44.65,-52.6,15.92
140,C=C1C[C@@H](CN)C[C@]1(C)O,-44.65,-52.6,15.92
141,O=P(O)(O)OCC1CCCC1,-44.65,-52.6,15.92
142,CC[C@H]1[C@H]([C@@H](F)CF)C[C@@]2(CC[C@H](O)[C@@H](C3OO3)C2)OC[C@@H]1S,-44.65,-52.6,15.92
143,C[C@@](S)(CC(=O)O)P(=O)(O)O,-44.65,-52.6,15.92
144,CN(C)C(=O)NCC(N)=O,-44.65,-52.6,15.92
145,NC(=O)c1ccc(Cl)cc1,-44.65,-52.6,15.92
146,C=C1C(=O)[C@@]2(OC3[C@@H](C)CCC[C@@H]13)[C@@H]([C@H](O)C[C@H]1[C@@H]3O[C@@H](C)C[C@H](F)[C@@H](F)[C@H](CCOC(=O)O)[C@H]13)[C@@H]2O,-44.65,-52.6,15.92
147,C[C@@H]1C[C@H]2C[C@@H]1[C@]21C[C@@H]1O,-44.65,-52.6,15.92
148,O=C1[C@@H](O)[C@@H]1NCS,-2.2,-46.06,19.5
149,C[C@@H](O)CO,-2.2,-46.06,19.5
150,NC=CCC[C@@H](O)CCO,-2.2,-46.06,19.5
151,Nc1nc2ccccc2o1,-2.2,-46.06,19.5
152,O=C1C=CC2(C=C1)CC2=O,-2.2,-46.06,19.5
153,O=C(O)NC1=NCC=NC=C1,-2.2,-46.06,19.5
154,C1=COCO1,-2.2,-46.06,19.5
155,C[C@]12C[C@H]1C2,-2.2,-46.06,19.5
156,CC(=O)NC1COCC1O,-2.2,-46.06,19.5
157,O=C(O)c1cccc(Cl)c1,-2.2,-46.06,19.5
158,NCCC(CO)CO,-21.23,-79.43,16.43
159,CC(=O)O[C@H](O)[C@@](OO)(C(=O)O)[C@H](CCC[C@@H](C)O[C@@H]1CC[C@H](CNCC2=C(CO)C=CC(NC[C@H]3N[C@H](C)[C@H](S(N)(=O)=O)S3)=C(F)C2)C[C@H]1O)CCCN1C[C@H]2C[C@H]2O1,-21.23,-79.43,16.43
160,O=C(O)CO,-21.23,-79.43,16.43
161,CN(CCCCC=C=C[C@@H]1CC(=O)N2SCC[C@H]2O1)C(=O)C1=N[C@H]([C@@H]2CC[C@@H](NCC[C@H](O)CS[C@H](O)[C@H](O)OC(=O)C=N)C2)SC1,-21.23,-79.43,16.43
162,OOOO,-21.23,-79.43,16.43
163,NC(=O)[C@H](O)[C@@H](O)CCCCNN1CC1,-21.23,-79.43,16.43
164,CC(C)NC[C@@H]1O[C@H]1O[C@H](CN1CS[C@@H](CCCN)N1)OCCO,-21.23,-79.43,16.43
165,OCCOCO,-21.23,-79.43,16.43
166,CCCCC[C@H](C[C@H](O)OC(=O)C[PH](=O)[C@@H](C[SH]=O)[C@H](C(=O)OC)[C@]1(CC)C[C@H](C(O)O)O[C@@H]2CC(=O)NOO[C@H]21)OCC(O)O,-21.23,-79.43,16.43
167,CNC[C@@H]1CCNCN1,-21.23,-79.43,16.43
168,C[C@@H](C(=O)CO)[C@@H]1Cc2c(O)cccc2S1,4.5,-70.16,17.36
169,CC1=CC(=O)CN=C1Cl,4.5,-70.16,17.36
170,O=C(O)[C@H]1[C@@H](O)[C@@H]1S(O)(O)O,4.5,-70.16,17.36
171,O=C(O)CS,4.5,-70.16,17.36
172,N[C@H]1CCCCN1,4.5,-70.16,17.36
173,C[C@@H]1CC[C@H]2NC=CC[C@@]2(O)C1,4.5,-70.16,17.36
174,O=C(CNC(=O)[C@H]1CO1)Cc1ccccc1,4.5,-70.16,17.36
175,CCCOC(=O)CO,4.5,-70.16,17.36
176,C1CSCCO1,4.5,-70.16,17.36
177,C1CC[C@@H]2CNCC[C@H]2NC1,4.5,-70.16,17.36
178,NCO,18.18,-53.68,30.4
179,CO[C@@]12[C@@H](CCO)[C@]1(CCCN[P@@](=O)(O)C[C@@H](O)OC(=O)[C@@]1(OO)CC=CCC1)[C@@]2(C)O,18.18,-53.68,30.4
180,CC(C)CNC(=O)CC(=O)Nc1ccc(CCOC(=O)C(=O)O)cc1,18.18,-53.68,30.4
181,O=[P@]1(O)OC[C@@H](C[C@]2(O)C[C@@H]2[C@@H]2OC[C@@H](O)[C@H]3O[C@@H]23)O1,18.18,-53.68,30.4
182,COC(=O)[C@H](O)OC[C@H](CN)C[C@H]1CC=CCC1,18.18,-53.68,30.4
183,C[C@@H]1C(=O)CCC[C@H]1CCNC(=O)C(=O)O,18.18,-53.68,30.4
184,C[C@@]1(C(=O)O)C[C@@]1(O)C(=O)N1CC[C@H](NC(=O)NCCN(O)CCCOC(=O)CO)C1,18.18,-53.68,30.4
185,COC1CCOC(=O)CCOS(O)(O)O[C@@H]2CN(CC1)CC[C@@H]2CCC(=O)N[C@H]1C2CCCN2C[C@@H]1O,18.18,-53.68,30.4
186,O=C(C[C@H](O)OCCCN[C@H]1O[C@H](CO)[C@@H](CO)C2O[C@H]21)N=CSC1COC1,18.18,-53.68,30.4
187,C=C(NC(=O)CCCNC(=O)C[C@@H]1C[C@H]1C(N)=O)C(=O)O,18.18,-53.68,30.4
188,ON1O[C@H]1c1ccccc1,-16.28,-42.51,17.92
189,O=C(O)[C@H]1N[C@H](O)CS1,-16.28,-42.51,17.92
190,COC[C@@H](OCC[C@H]1C[C@H]1F)[C@H](CCC(=O)O)C[C@H](CO)C(=O)O,-16.28,-42.51,17.92
191,CC1=C(C(=O)O)CO[C@@H]1S(O)(O)O,-16.28,-42.51,17.92
192,C=N[C@@H]1CCCN(CSN)CC1(O)O,-16.28,-42.51,17.92
193,O=C(F)O[C@@H](OC1=NCNO1)[C@@H](O)C(=O)NCC1=CCCC=C1,-16.28,-42.51,17.92
194,CCNC(=O)C[C@H]1C[C@@H](N(O)NCC)CN(CO[C@H]2CCO[C@H]2O)N1,-16.28,-42.51,17.92
195,O=C(O)c1nc2c(s1)NCCC2,-16.28,-42.51,17.92
196,C=CCO[C@](O)(C[C@@]12O[C@@H](C(=O)OC)[C@H](C[C@@H](O)CNCNS(=O)(=O)C(C)C)C1(O)[C@H]2O)O[C@@H]1CCC[C@@H]2[C@@H]1C[C@@H]1C[C@@]12C,-16.28,-42.51,17.92
197,O=C[C@@H]1CCCOC1,16.97,-33.42,30.47
198,CC(=S)CC=N,16.97,-33.42,30.47
199,O=N[C@H](O)[C@@H]1C[C@@H]1O,16.97,-33.42,30.47
200,O=C(O)C1CCCCC1,16.97,-33.42,30.47
201,OCC[C@]12CC[C@@H]3CCC[C@]1(C3)C[C@@H]1CC[C@@H](O)C[C@H]12,16.97,-33.42,30.47
202,C[C@]12CC[C@@H]3[C@H](C1)[C@H]3CC2,16.97,-33.42,30.47
203,CC(C)(O)O[C@H]1[C@H](O)[C@@H]1O,16.97,-33.42,30.47
204,OC(O)C[C@@H]1OC12CC2,16.97,-33.42,30.47
205,C=CO[C@@H]1[C@H]2CCN[C@]21O,16.97,-33.42,30.47
206,C[C@H]1CSC[C@@H](O)[C@@H]1C=O,16.97,-33.42,30.47
207,COC1=N[C@@H](CCC2=C(C(=O)O)C(=O)C=CC2)N([C@@H](C)CN)C=C1,-30.95,-56.67,19.53
208,Nc1cc([C@@H]2CCNN2)no1,-30.95,-56.67,19.53
209,CC(O)(O)CO,-30.95,-56.67,19.53
210,N[C@@H](O)C(=O)O,-30.95,-56.67,19.53
211,ONC1CCNCC1,-30.95,-56.67,19.53
212,CC[C@@H](CCN)c1nnc[nH]1,-30.95,-56.67,19.53
213,OCC1CC1,-30.95,-56.67,19.53
214,NC(=O)[C@H]1CO[C@H](C(N)=O)[C@@H]1O,-30.95,-56.67,19.53
215,C=C(O)CNC(=N)C(=O)N1C(=O)C(NC(=O)c2ccc(N)cc2)=C[C@H](O)C1=O,-30.95,-56.67,19.53
216,ONC[C@@H]1C=CC(O)=C1,-30.95,-56.67,19.53
217,NC(=O)C(=O)OCCC[C@@]12[C@H]3/C=N\C(=O)[C@@H](O)CC[C@@]31N2CN=CNNCCCC=O,0.71,-48.13,5.73
218,OC1=CC(C(O)O)=C[C@@H]1O,0.71,-48.13,5.73
219,OCC(CO)C[C@@H](O)F,0.71,-48.13,5.73
220,CCC[C@@H]1OOCC1=O,0.71,-48.13,5.73
221,C[SH](C)[C@H](CO)[C@@H]1[C@H]2[C@H](O)[C@@]12O,0.71,-48.13,5.73
222,OC[C@H](COO)OO,0.71,-48.13,5.73
223,C#CN1CCN(O)CC1,0.71,-48.13,5.73
224,CN(O)C[C@@H](O)C[C@H]1O[C@H]1[C@@H](CCC(N)=O)[C@H]1C[C@H](O)C[C@H]1O,0.71,-48.13,5.73
225,NC1=CCN([C@@H](O)[C@@H](O)C=O)C=C1,0.71,-48.13,5.73
226,C[C@@H]1CC[C@@H]2c3c(cccc3NCN3C[C@H](C#CC4=C(C[C@H]5C(=O)OC[C@@H](N)[C@@H]5O)N(C)N(C)[C@H]4CCO)CN3)CN12,6.28,-15.21,26.37
227,C=C(C)[C@@]1(S)C[C@@]2(C#[SH])[C@@H]1[C@]1(S)[C@@H]3CC312,6.28,-15.21,26.37
228,O=C(O)C1=CC=CCC1=O,6.28,-15.21,26.37
229,CCc1ccc2c(c1)CNC=N2,6.28,-15.21,26.37
230,c1cncc(CC2CCCO2)c1,6.28,-15.21,26.37
231,C[C@H](C(=O)O)[C@@H](CO)NCCN,6.28,-15.21,26.37
232,C[C@]12CC[C@]3(CO3)C(=O)[C@@]1(O)C2CO,6.28,-15.21,26.37
233,C[C@@]1(CN)O[C@H]1[C@H]1CCC=C[C@@H]1O,6.28,-15.21,26.37
234,CCC1=CC=C[C@H]2C(N)=NN=C12,6.28,-15.21,26.37
235,CC[C@H](CO)N1C(=O)[C@@H](C)CC2=COOC21,6.28,-15.21,26.37
236,C[C@@]1(CO)CN(O)CS1,4.49,-16.97,13.67
237,O=C(O)[C@H]1OCC(=O)[C@@H]1O,4.49,-16.97,13.67
238,CCN(C(=O)O)[C@@H]1CSS1,4.49,-16.97,13.67
239,C=C1OSC[C@@H]1[C@H](O)CC(O)O,4.49,-16.97,13.67
240,Cc1c([C@@H]2COC(=O)C[C@@H](CO)OOC[C@H](O)O[C@H](C=CCC(=O)O)C2)c2c(c3c1[C@@H](OC(O)O)CCC3=O)C[C@@H](O)CC2,4.49,-16.97,13.67
241,O=C(O)C=CCCc1ccc(C[C@@]2(O)[C@@H]3N[C@@H]32)c(C(=O)O)c1,4.49,-16.97,13.67
242,C=NC(=O)N1CCCC1,4.49,-16.97,13.67
243,OC[C@H](S)[C@H]1CC1(O)O,4.49,-16.97,13.67
244,OOOBr,4.49,-16.97,13.67
245,C[C@@H]1C=C(C(C)(C)C)CCN1,4.49,-16.97,13.67
246,Nc1[nH]c(=O)cc(O)c1F,-22.1,-70.2,23.99
247,CCN(c1cc(O[S@](O)(CCCOP(=O)=O)CCC(=O)C[C@@]2(O)C[C@H]3CC[C@@H](C)[C@H](O3)[C@H]2O)ccn1)[C@H]1[C@@H]2C[C@@H]21,-22.1,-70.2,23.99
248,OCC1=CC=CNC2=C1C2(O)O,-22.1,-70.2,23.99
249,CCCN(C)CC(=O)O,-22.1,-70.2,23.99
250,O=P(O)(O)[C@]1(O)[C@H](NO)[C@@H]1O,-22.1,-70.2,23.99
251,O[C@@H]1CCOCCO1,-22.1,-70.2,23.99
252,C=CC1=CCOCC1=O,-22.1,-70.2,23.99
253,O=C(O)[C@@H](CS)[C@H](O)S,-22.1,-70.2,23.99
254,O=C(O)C1=C(O)C(=O)CC=C1,-22.1,-70.2,23.99
255,OCCN(O)CO,-22.1,-70.2,23.99
256,C=C(CCF)CN1[C@H]([C@@]2([C@H](OOC[S@TB8]3(OC)P4O[C@]43OCO)O[C@H]3O[C@H](P[C@H](O)COCCNC)O3)C[C@]23O[C@H](COOBr)[C@H]3OOC)O[C@@H]1N,-24.7,-15.2,55.89
257,C=C1O[P@@](=O)(O[C@H]2CCCOC[C@H](C(O)CC)OCC2)[C@H]([C@H](CCCC[C@@H]2CC=C(CC[C@](COC(F)(F)F)(OO)OC3OO3)CC2)NC)C[C@H]1O,-24.7,-15.2,55.89
258,C=C([C@H]1CCCN(S(=O)(=O)CC[C@@H]2[C@@H](O)[C@H](OC3Cc4cn([C@H]5CO5)cc4C3)C[C@H]2C)C1)[C@H](F)C(=O)OC,-24.7,-15.2,55.89
259,Nc1cc(O)c(CO)c(O)c1F,-24.7,-15.2,55.89
260,OC(O)O,-24.7,-15.2,55.89
261,COC[C@H](NC[C@@H](C)O)OC[C@@H]1CC(=O)C=C2CC(C[C@H]3CCC[C@@H](CCC(=O)[C@H](O)CCCO)[C@@H]3O)=CC[C@H]2O1,-24.7,-15.2,55.89
262,CCO[C@H]1CO[C@@H]2[C@@H]1CN(C)[C@H]1C[C@H]([C@@H](O)CO[C@@H](C)[C@@H](O)[C@H](C)N3CC[C@@H]([C@H]4CCC[C@H]4CCOC)[C@H](O)CC3)OCCOC[C@@H]21,-24.7,-15.2,55.89
263,CCC(=O)[C@H]1[C@@H](C)[C@@H](CN[C@H]2CN[C@@H](C)C2)C[C@H]2C[C@H]21,-24.7,-15.2,55.89
264,NCC(N)OC[C@@H](C[C@@H]1CCN(C(=O)O)C1)C[C@@]12CCNC[C@@H]1C2,-24.7,-15.2,55.89
265,C[C@H]1C[C@@H](S)CC[C@@H]1[C@H]1Cc2ncsc2S1,-24.7,-15.2,55.89
266,O=C(O)CNC(=O)O,-26.95,-48.21,16.77
267,N#C[C@@H]1C[C@@]1(N)O,-26.95,-48.21,16.77
268,O=C(O)C=C=C1Cn2cccc2S1,-26.95,-48.21,16.77
269,C[C@H]1NC=C(C(=O)O)S1,-26.95,-48.21,16.77
270,C#C[C@H](N)C1=NCCC=N1,-26.95,-48.21,16.77
271,C1=NC=C2N=CC=C2C1,-26.95,-48.21,16.77
272,NCC1=NN=C(N[C@@H]2CCNC2)C1,-26.95,-48.21,16.77
273,NC(=O)CNC(=O)NCC(=O)O,-26.95,-48.21,16.77
274,Cc1c(Cl)cccc1[C@@H](C)C(=O)C[C@@]1(O)C[C@@H](C(=O)O)CCN1,-26.95,-48.21,16.77
275,CC[C@H]1NN[C@@H](N)CS1,-26.95,-48.21,16.77
276,CC[C@](O)(CP(O)O)[C@@H](O)COCCC[C@H](O)CCC=O,-17.33,-66.81,5.13
277,O=C(O)CCC(=O)O,-17.33,-66.81,5.13
278,NC(=O)NC(=O)C1CC1,-17.33,-66.81,5.13
279,CN[C@]1(O)NC(=O)C[C@H](C)[C@H]1C(O)C(F)C(=O)C(O)(F)F,-17.33,-66.81,5.13
280,C[C@@H](O)CC(=O)O,-17.33,-66.81,5.13
281,OC1[C@@H](O)CC[C@@H]1O,-17.33,-66.81,5.13
282,O[C@H]1COC[C@H](O)C1,-17.33,-66.81,5.13
283,CC(C(=O)O)C(=O)O,-17.33,-66.81,5.13
284,NC(=O)[C@H]1O[C@H]2[C@@H](O)C[C@@H]1C[C@@H]2O,-17.33,-66.81,5.13
285,CN(CNC(N)=O)CC(=O)O,-17.33,-66.81,5.13
286,C[C@H](O)[C@H]1OCC=C[C@@H]1O,-17.76,-24.18,12.94
287,O=C(O)CN1CCSC1,-17.76,-24.18,12.94
288,OC[C@@]12C[C@H]3[C@H]4C[C@@H]1N2C[C@H]43,-17.76,-24.18,12.94
289,CCC1(O)SCC[C@@]1(O)C(C)O,-17.76,-24.18,12.94
290,C[C@H]1CO[C@@H]2[C@@H](O)[C@]2(O[C@@H]2SN3[C@@H]2[C@@H](O)C[C@H](C(=O)O)OS3(O)O)C1,-17.76,-24.18,12.94
291,O=C(O)CN1CC=CCC1,-17.76,-24.18,12.94
292,CC1=CC(=O)CC(NO)=C1,-17.76,-24.18,12.94
293,O=CC[C@H]1COC(=O)C1,-17.76,-24.18,12.94
294,C=CCCC1=NOCC1,-17.76,-24.18,12.94
295,C[C@]12O[C@H]1C[C@]1(CO1)[C@@H]1C[C@@H]12,-17.76,-24.18,12.94
296,O=C1CC1CCO,-29.27,-3.98,40.84
297,NC1=NC2=NNN[C@H]2C(=S)N1,-29.27,-3.98,40.84
298,N[C@@H]1CC[C@@H](C=O)OC1,-29.27,-3.98,40.84
299,OCN1CC[C@@H]2SC2C1,-29.27,-3.98,40.84
300,O[C@@H]1CCCC=NC1,-29.27,-3.98,40.84
301,O[C@H]1CCOC[C@@H]1O,-29.27,-3.98,40.84
302,O=C=CNCCCC(=O)O,-29.27,-3.98,40.84
303,CC(=O)N[C@H]1CC[C@H](CO)C1,-29.27,-3.98,40.84
304,C=COC(=O)NC(=O)CO,-29.27,-3.98,40.84
305,CO[C@@H](CC=O)C1=NN=NC1,-29.27,-3.98,40.84
306,C1CC2[C@@H]3[C@H]4C[C@H]5[C@@H]6CCC1[C@@]23C465,-29.57,-42.3,11.02
307,COC(=O)c1cnc(N)cc1O,-29.57,-42.3,11.02
308,O=C=N[C@H](CO)C(=O)[C@H]1COS(O)(O)O1,-29.57,-42.3,11.02
309,Nc1noc(-c2cc[nH]n2)n1,-29.57,-42.3,11.02
310,C=C(CCS)C[C@H](C)C(=C)[C@H](C)NSNC(N)=O,-29.57,-42.3,11.02
311,CN1C=CCO1,-29.57,-42.3,11.02
312,CC1NC2=NCN=C2C(=O)[C@H]1F,-29.57,-42.3,11.02
313,NN(O)C1C=C=CCC=C=C1,-29.57,-42.3,11.02
314,C[C@H](O)CCC[C@@H](S)NNC(=O)[C@@H]1C[C@@H]([C@@]2(O)[C@@H]3O[C@@H]3CCC[C@H](O)C[C@H]([C@@]3(OF)CCO3)[C@H]2OO)C2O[C@@]21F,-29.57,-42.3,11.02
315,O=C1C=CC(=O)N(O)C1,-29.57,-42.3,11.02
316,C=C[C@@H]1[C@@H](CC)C[C@H]1C=CCC,8.52,-26.3,12.81
317,N[C@H]1CC[C@@]2(CCC2=O)CO1,8.52,-26.3,12.81
318,Cn1cnc2c(c1=O)N=CC2,8.52,-26.3,12.81
319,N[C@H]1C[C@@H]1C[C@H]1CCCNC1,8.52,-26.3,12.81
320,CN[C@@]12C[C@@]13CCC(N)=CN32,8.52,-26.3,12.81
321,Cc1ccc(N2N=C(N)N[C@H]2C)cc1CC[C@H]1[C@H](CCCC(=O)NCCCO[C@@]23C[C@]2(O)[C@H]3O)S1(=O)=O,8.52,-26.3,12.81
322,CC1=CC=C(N(O)C(=O)O)CNC1,8.52,-26.3,12.81
323,OC[C@@]12[C@@H]3CC[C@H]4[C@@H](C[C@@H]31)[C@]42O,8.52,-26.3,12.81
324,C=C1CCN=C(OCC)CC1,8.52,-26.3,12.81
325,O=C[C@@H]1CCCC[C@@H]1OP(=O)(O)O,8.52,-26.3,12.81
326,CCC1=NC2=CCCC[C@@H]2N1,-35.34,-6.89,58.01
327,NC(=O)NCNC(=O)[C@@H]1CN1,-35.34,-6.89,58.01
328,NCCCOC[C@@H](O)C(N)=O,-35.34,-6.89,58.01
329,C[C@H](O)C[C@H]1Cc2ccccc2O1,-35.34,-6.89,58.01
330,CO[C@@]1(C)CC[C@@H](C)CC[C@H]1C,-35.34,-6.89,58.01
331,C=C1[C@@H](CO)C(C)=CNN1[C@]1(Cl)CC=C(OCC(=O)O)CC1,-35.34,-6.89,58.01
332,O=C1N=CC=C[C@@]2([C@@H]1OO)[C@@H]1C[C@@H]12,-35.34,-6.89,58.01
333,COCc1ccccc1C(=O)O,-35.34,-6.89,58.01
334,CC1=CC=CC(=O)C1,-35.34,-6.89,58.01
335,NC(=O)[C@H]1OCC[C@@H](CO)[C@H]1O,-35.34,-6.89,58.01
336,O=C(O)CCO,8.25,-42.04,30.65
337,O=C(O)COP(=O)(O)O,8.25,-42.04,30.65
338,CC(O)(C(=O)O)C(=O)O,8.25,-42.04,30.65
339,CNCC(=O)OO[C@@H]([C@@H](OOC(C)=O)[C@@H](O)[C@@H](OC)[C@@H]1C[C@H](OP(=O)(O)O)O1)[C@H](C(=O)N(O)[C@H](C)C=O)C(C)C,8.25,-42.04,30.65
340,NC[P@](=O)(O)[C@@H]1C[C@H](C(=O)OP(=O)(O)O)OC1=O,8.25,-42.04,30.65
341,O=C(O)CCC(=O)O,8.25,-42.04,30.65
342,N=C1CCCC/C=C\N1CN,8.25,-42.04,30.65
343,O=COC(=O)CCCO,8.25,-42.04,30.65
344,O=C(O)C(O)C(=O)O,8.25,-42.04,30.65
345,Cc1cccc(CNC(=O)[C@@H]2O[C@H]2C(=O)O)c1C,8.25,-42.04,30.65
346,NC[C@H]1CSC(NC(=O)O)C1,-39.01,-66.16,-4.35
347,Cc1cc(C(=O)CCCCO)cs1,-39.01,-66.16,-4.35
348,NCc1ccccc1,-39.01,-66.16,-4.35
349,C1COCCO1,-39.01,-66.16,-4.35
350,CCN(C)[C@@H]1C=CC=C(C(=O)O)C1,-39.01,-66.16,-4.35
351,OC[C@@H](O)C(O)O,-39.01,-66.16,-4.35
352,OP(O)[C@H]1C=CCC=CC1,-39.01,-66.16,-4.35
353,CCC1=C[C@H](CO)CCC1,-39.01,-66.16,-4.35
354,c1cnc2c(c1)N[C@@H](C1CC1)S2,-39.01,-66.16,-4.35
355,c1ccc2cnccc2c1,-39.01,-66.16,-4.35
356,OC[C@@H](O)[C@H](O)CO,-20.92,-71.78,12.68
357,CO[C@H]1C[C@H](O[C@]23CCC[C@H]2O3)[C@@](O)(CO)CO1,-20.92,-71.78,12.68
358,OC[C@H]1CCN(CC2CCOCC2)C1,-20.92,-71.78,12.68
359,C[C@@H]1C=CC[C@]2(O)[C@H](C)[C@@H]3CC=NC(=N)C(=O)[C@H]3C(=O)[C@@H]12,-20.92,-71.78,12.68
360,O=CO[C@H](CO)CCCO,-20.92,-71.78,12.68
361,OCC[C@@H](O)CO,-20.92,-71.78,12.68
362,C[C@@]1([C@@H]2CCC[C@@H](O)C2)C[C@@]12CCCOCC2,-20.92,-71.78,12.68
363,O=[N+]([O-])C1=c2ncncc2=CC1,-20.92,-71.78,12.68
364,O=C[C@@H]1CC[C@@H]2N(CC(=O)O)CCn3ccnc3N12,-20.92,-71.78,12.68
365,CCC1OCC(=O)[C@@H](C)[C@H]1O,-20.92,-71.78,12.68
366,OC(O)NF,-31.37,-38.7,4.19
367,O=P(O)(O)NCS,-31.37,-38.7,4.19
368,C[C@H]1CC[C@](O)([C@H](CC(=O)O)[C@H]2CN(C)C2=O)C1,-31.37,-38.7,4.19
369,C[C@@H]1CCC[C@@H]2CC[C@@H](O)[C@H]1O2,-31.37,-38.7,4.19
370,OCC[C@@H](CO)[C@@H](O)COC(O)O,-31.37,-38.7,4.19
371,C[C@@]1(O)C[C@@H]1OP(=O)(O)O,-31.37,-38.7,4.19
372,C=C[C@H](C)O,-31.37,-38.7,4.19
373,N[C@@H]1CCN[C@@H](CCC(=O)O)C1,-31.37,-38.7,4.19
374,NCCO[C@@H](C[C@]1(c2cccc(O)c2)CO1)P(=O)(O)O,-31.37,-38.7,4.19
375,CC(=NCC(=O)C(=O)O)[C@@H](CC[C@H](O)P(=O)(O)O)[C@@H](O)C(O)O,-31.37,-38.7,4.19
376,CC(=O)N1CC1CO,-12.61,-38.46,14.63
377,Fc1ccc(-c2csnn2)cc1F,-12.61,-38.46,14.63
378,CC(C)(F)CO[C@H]1C=CN=C2N=CC=C21,-12.61,-38.46,14.63
379,C=C1CC(=O)C=C(F)C1,-12.61,-38.46,14.63
380,CC(=O)Nc1ccc(F)cc1N,-12.61,-38.46,14.63
381,Cn1sc2c1C(=O)CC=C2O,-12.61,-38.46,14.63
382,CC1=C(O)CC(=O)N=C1,-12.61,-38.46,14.63
383,Nc1cccc(O)c1,-12.61,-38.46,14.63
384,O=C=C1Nc2ccccc2O[C@H]1N=O,-12.61,-38.46,14.63
385,N=C(F)NO[C@H](S)CCCS,-12.61,-38.46,14.63
386,c1cncc([C@H]2CCCO2)c1,4.13,-65.86,42.32
387,CN1CCC[C@H]2C(O)=C(N)[C@H](O)[C@H]21,4.13,-65.86,42.32
388,C[C@H]1[C@H](CCO)CCC[C@@H]1O,4.13,-65.86,42.32
389,O=C(O)S(=O)(=O)c1ccccc1,4.13,-65.86,42.32
390,O=C(O)C(OCO)C(=O)O,4.13,-65.86,42.32
391,COOOOOO,4.13,-65.86,42.32
392,O=C(O)C(O)=C1CC=NCC1,4.13,-65.86,42.32
393,O=C(O)C(=O)c1ccccc1,4.13,-65.86,42.32
394,OOBr,4.13,-65.86,42.32
395,C[C@H](O)NC1=CC=C[C@@H]1C(=O)NCC[C@@H]1[C@H](CO)N1C[C@@H]1CC1(O)O,4.13,-65.86,42.32
396,C[C@@H](C(=O)NCCO[C@@H]1[C@H](O)[C@H]1Cl)N1CCCCC1,-10.81,-35.49,7.69
397,CN(CCCO)C(=O)CC(O)CC(=O)[C@@H]1CCNCS1,-10.81,-35.49,7.69
398,OCCC1CC1,-10.81,-35.49,7.69
399,C=CCC(=O)NCNCCNCC(CO)CCCN,-10.81,-35.49,7.69
400,O=C(O)c1nc[nH]c1CCN[C@H](O)CNCC=CCC=CC=CC(F)(C(F)(F)F)C(F)(F)F,-10.81,-35.49,7.69
401,O=C(O)[C@@H]1CC(S(=O)(=O)NC[C@H]2O[C@H]2c2ccccn2)NN1,-10.81,-35.49,7.69
402,COC(=O)[C@H](O)CNC[C@H]1C[C@H]2NCCS[C@@H]2S1,-10.81,-35.49,7.69
403,NCC[C@H]1C(=O)NC[C@@H]1O,-10.81,-35.49,7.69
404,CC[C@@H]1[C@@H](O)[C@@H]1C=[SH]OC[C@H]1C[C@H]2O[C@@]2(NCNCC2CC2)CO1,-10.81,-35.49,7.69
405,CCC1CCCN(C(O)(O)NC(=O)CCF)CCC1,-10.81,-35.49,7.69
406,O=C(CO)Cc1ccc(F)cc1,-28.76,-22.31,18.56
407,O=C(O)CC(=O)CO,-28.76,-22.31,18.56
408,C[C@@H](N)C(=O)NC1=C2C=CN=C2CC=C1,-28.76,-22.31,18.56
409,C=NC(=O)c1cccnc1,-28.76,-22.31,18.56
410,C[C@H](O)CC(=O)O,-28.76,-22.31,18.56
411,O=C(O)C1=C(O)CN=C1,-28.76,-22.31,18.56
412,OCCCO,-28.76,-22.31,18.56
413,CCCCOC[C@H]1O[C@@H]([C@H]2CCS2)C[C@H]1O,-28.76,-22.31,18.56
414,O=C(O)[C@H]1SCCC1=O,-28.76,-22.31,18.56
415,CC1CNC[C@@H]1C(=N)NCN,-28.76,-22.31,18.56
416,C[C@H]1CCCC[C@@H]1S(O)(O)O,-30.6,-67.04,14.75
417,C[C@]1(C(=O)O)O[C@@H]1CN,-30.6,-67.04,14.75
418,O=C(O)C[C@H]1C=CN(O)[C@H]1O,-30.6,-67.04,14.75
419,O=C(O)C1SN[C@@H]([C@@H]2ONCS2)S1,-30.6,-67.04,14.75
420,OCCCCO[C@@H](O)CO,-30.6,-67.04,14.75
421,O=C1O[C@H]1Oc1ccncc1,-30.6,-67.04,14.75
422,C[C@H]1CCC(=O)[C@H]1NC(=O)C(=O)S,-30.6,-67.04,14.75
423,NCCCOc1ccc(Cl)cc1,-30.6,-67.04,14.75
424,O=C(O)C(=O)NNN=C[P@TB15](O)(O)(O)O,-30.6,-67.04,14.75
425,CCOc1ccc(NC(=O)CC)cc1,-30.6,-67.04,14.75
426,CCc1ccc(NC[C@H]2O[C@@H]2CCC(=O)O)cc1,-0.15,-58.23,7.29
427,O=C1CNc2ccccc2N1,-0.15,-58.23,7.29
428,OC(O)CC1(O)OO1,-0.15,-58.23,7.29
429,O=C(O)CC(=O)OCc1ccccc1,-0.15,-58.23,7.29
430,NC(N)=Nc1ccnc2cccnc12,-0.15,-58.23,7.29
431,O=C(CO)NC(=O)c1ccccc1,-0.15,-58.23,7.29
432,O[C@@H]1CCCC1(O)O,-0.15,-58.23,7.29
433,COC[C@@]1(O)C[C@@H]2CC[C@H]1OC2,-0.15,-58.23,7.29
434,Cn1[nH]c(=O)c2ccccc21,-0.15,-58.23,7.29
435,O=C(O)[C@@H](CO)ONNO,-0.15,-58.23,7.29
436,CCN[C@H](NC(=O)C(F)(F)[C@H](OCO)O[C@@H]1CCC([C@H]2CCN(C[C@H](C)COO)C2)NC1)SC,-10.13,-63.72,20.6
437,CC(=O)[C@H]1CN(C)[C@H](N[C@@H]2C=CC=CC2)CN1,-10.13,-63.72,20.6
438,O=C[C@H](O)[C@@H](O)CCO,-10.13,-63.72,20.6
439,C[C@]12[C@H]3[C@@H](F)C(CC=N)=C[C@@]31[C@H]2OCCCCO,-10.13,-63.72,20.6
440,c1ccc([C@@H]2CSCN2)cc1,-10.13,-63.72,20.6
441,C[C@H](O)CCNCC[C@H](CN[C@H](C)OO)[C@@H](C=O)C[C@@H]1CCCC(F)C1,-10.13,-63.72,20.6
442,CC1=C2NCCN2c2ccccc2O1,-10.13,-63.72,20.6
443,C=C(C)NC(=O)[C@@H]1O[C@H]1C=CCCOC,-10.13,-63.72,20.6
444,N=C(Nc1ccccc1)C(=O)O,-10.13,-63.72,20.6
445,NCC(=O)O,-10.13,-63.72,20.6
446,O=C1[C@H](C(O)O)O[C@@H]2C[C@@]23O[C@@]13C1CCCCC1,16.61,-22.34,37.49
447,N[C@@H]1NC(=O)C(O)=C1Cl,16.61,-22.34,37.49
448,CO[C@@H](COO[P@](=O)(O)[C@@H](O)[C@H](O)C[C@@H](O)[C@@H](O)[C@@]1(O)O[C@]1(F)[C@H](O)F)[C@@H](O)[C@@H](O)[C@H](O)[C@@](C)(O)P(O)C(O)O,16.61,-22.34,37.49
449,O=C(O)C[C@@H](O)C(O)O,16.61,-22.34,37.49
450,CC=C(COCN[C@@H](CO)[C@H](C(=O)O[C@H](C)O)[C@@H]1O[C@@]12C[C@H](C)CC1[C@@H](S)CNN12)OC(=O)CCOC1[C@H]2C[C@@H]3O[C@H](O[C@@H]4[C@@H](OC(O)(F)F)O[C@H](OCN)OC[C@@H]4O)[C@]4(O)[C@@H]([C@H]3O)[C@@]4(C)O[C@](C)(O)ON(CO)[C@@H]2C[C@H]1OC,16.61,-22.34,37.49
451,O[C@@H]1C(=S)[C@@H](O)CCS[C@@H]1O,16.61,-22.34,37.49
452,C1CCC(NC[C@H]2CN2)C1,16.61,-22.34,37.49
453,O=C1[C@@H](O)[C@@H]2CO[C@@H]2C[C@@H]1O,16.61,-22.34,37.49
454,C[C@H]1CSC(=N)N[C@H]1F,16.61,-22.34,37.49
455,N[C@H]1CCO[C@H]([C@H](N)O)C1,16.61,-22.34,37.49
456,O[C@H]1CCSCN1,-10.21,-27.93,19.43
457,Cc1nccn1C,-10.21,-27.93,19.43
458,Cc1cc(C(N)=O)ccc1NN[C@H]1CCCNC1,-10.21,-27.93,19.43
459,N=C1SCCCN1O,-10.21,-27.93,19.43
460,O=C(O)CC[C@@H]1CO1,-10.21,-27.93,19.43
461,OC[C@@H]1CSC[C@@H]1O,-10.21,-27.93,19.43
462,Oc1ccccc1O,-10.21,-27.93,19.43
463,CC1=C(C(=O)O)[C@@H](O)CN1,-10.21,-27.93,19.43
464,NCc1ccccc1,-10.21,-27.93,19.43
465,N=CC1=CCC(=O)CC1,-10.21,-27.93,19.43
466,O=P1(O)Oc2ccccc2O1,1.84,-76.59,11.79
467,C[C@@H](O)[C@@H]1NCN=C2NCN[C@@H]21,1.84,-76.59,11.79
468,O=C(O)CC(O)O,1.84,-76.59,11.79
469,O=C1[C@@H](O)C1(O)O,1.84,-76.59,11.79
470,C[C@]1(O)CN1C1=CCCCCC1,1.84,-76.59,11.79
471,O=P(O)(O)O[P@TB10](=O)(O)O,1.84,-76.59,11.79
472,O=C(O)OC[C@@H](O)CO,1.84,-76.59,11.79
473,O=C(O)NC1=NC(CO)=C[C@@H]1NO,1.84,-76.59,11.79
474,OS(O)(O)c1ccccc1,1.84,-76.59,11.79
475,C[C@H]1C[C@H](O)CN(S(O)(O)O)C1,1.84,-76.59,11.79
476,Oc1ccc2cccnc2c1,-20.28,-30.17,21.8
477,C=C[C@]1(CC2CSC2(C)C)CC[C@H](O)C1,-20.28,-30.17,21.8
478,C=C(SC[C@@H](CO)C(=C)C)C1CC1,-20.28,-30.17,21.8
479,C#CNC(=O)N1CC[C@H]2[C@@H]3NC[C@@]231,-20.28,-30.17,21.8
480,O[C@@]12N[C@]1(O)S2,-20.28,-30.17,21.8
481,C=C(CCCC)CC[C@H](N)CO,-20.28,-30.17,21.8
482,NC1=C(F)C(O)=CC(=O)C1,-20.28,-30.17,21.8
483,CC1=C(N)[C@H](NO)C(=O)N=C1,-20.28,-30.17,21.8
484,NC(=O)CO[C@]12CN1N2,-20.28,-30.17,21.8
485,O=C(O)C1=C[C@@H](Cl)CC=C1,-2.39,-35.72,4.76
486,O[C@H]1C2OCCO[C@H]21,-2.39,-35.72,4.76
487,NC1=CC=C(OP(=O)(O)O)CC=N1,-2.39,-35.72,4.76
488,O[C@@H]1CCCCOC1,-2.39,-35.72,4.76
489,C[C@@H]1SOCCN1C,-2.39,-35.72,4.76
490,N=CCc1ccccc1N,-2.39,-35.72,4.76
491,COCCOC(=O)O,-2.39,-35.72,4.76
492,O=C[C@@H](O)CCNCCCO,-2.39,-35.72,4.76
493,O=C1[C@H](O)CCC[C@]1(O)CO,-2.39,-35.72,4.76
494,CC1=C(C(=O)O)[C@@H](N)NCC1,-2.39,-35.72,4.76
495,CSSCC[C@H](C)O,7.4,-22.09,38.28
496,CCCN(O)[C@@H](O)CNC(=S)NCC,7.4,-22.09,38.28
497,OCc1ccc2c(c1)CNCN2,7.4,-22.09,38.28
498,Cc1c(F)cccc1CO,7.4,-22.09,38.28
499,C[C@@H]1C=C(NNCOCCO)OC1,7.4,-22.09,38.28
500,CC(=O)c1cc(O)c(N)cc1O,7.4,-22.09,38.28
501,O=C1[C@H]2CCN[C@@H]2CN1O,7.4,-22.09,38.28
502,Oc1ccc(F)cc1,7.4,-22.09,38.28
503,O=C(O)C(=O)CO,7.4,-22.09,38.28
504,Cn1nc(C#N)cc1N,7.4,-22.09,38.28
505,O=C(CS)C(=O)N[C@H]1OC[C@H](O)[C@H]1C(O)O,-41.14,-56.29,9.99
506,O=CCNS(=O)(=O)CC(=O)O,-41.14,-56.29,9.99
507,CC[C@H]1CCCc2c1oc1c2C=NC(=O)C1,-41.14,-56.29,9.99
508,O[C@H]1[C@H](O)C=C[C@@H]1O,-41.14,-56.29,9.99
509,CC(S)[C@H]1C[C@@H](S(C)(C)O)CCCC[C@H]1S,-41.14,-56.29,9.99
510,CC[C@H]1C=C(C)[C@H](OC(O)O)O1,-41.14,-56.29,9.99
511,CCCN(CCO)[C@H]1N[C@H](N)[C@@H]1[C@@H]1C=CC(F)=NC1=O,-41.14,-56.29,9.99
512,C[C@@H]1CSCCN1C(=O)C(=O)NC1=NNN(CCCO)C1,-41.14,-56.29,9.99
513,CCOCC1=NNON1,-41.14,-56.29,9.99
514,C=C1O[C@H](CC)CC[C@H](CO)[C@@H]1[C@@H]1[C@H]2CCCCC[C@@]12CO,-41.14,-56.29,9.99
515,OCCCC(F)(F)F,-9.3,-11.89,20.64
516,COc1cccc2c(c1)nc(CCO)c1nccc12,-9.3,-11.89,20.64
517,COc1cc(N)ccc1-c1ccc(O)cc1,-9.3,-11.89,20.64
518,CC1=c2ccccc2=CC1,-9.3,-11.89,20.64
519,CC[C@@H](C)CC(=O)O,-9.3,-11.89,20.64
520,NC=Cc1ccccc1,-9.3,-11.89,20.64
521,C[C@@H]1CCSC1=NC(=O)C[C@H]1SC=CN1C,-9.3,-11.89,20.64
522,O=[N+]([O-])c1cccnc1,-9.3,-11.89,20.64
523,CN(C)CCC(=O)CO,-9.3,-11.89,20.64
524,FC1=N[C@@H](SCc2ccccc2)CN=C(NC2CC2)C1,-9.3,-11.89,20.64
525,N=Cc1ccc2c(c1)CO2,-44.14,-44.89,5.4
526,N=C(ONC1CCC1)C(=O)O,-44.14,-44.89,5.4
527,CN1CCc2c1ccnc2N,-44.14,-44.89,5.4
528,C[C@@]1(CN)Nc2cccnc21,-44.14,-44.89,5.4
529,CC[C@@H](C)CCCC(=O)[C@H]1CN1,-44.14,-44.89,5.4
530,OCCNc1ccc(F)cc1,-44.14,-44.89,5.4
531,CCCCO[C@H]1C=C[C@H](C(N)=O)O1,-44.14,-44.89,5.4
532,C=CC=C1C=CC(O)=C1,-44.14,-44.89,5.4
533,SC[C@H]1CC[C@H]([C@@]23CCO[C@@H]2C3)O1,-44.14,-44.89,5.4
534,O=C1/N=C/SCC=C=CO1,-44.14,-44.89,5.4
535,CNCC1CCCCC1,-16.08,-46.16,3.52
536,CNCc1cccc(COP(=O)(O)O)c1,-16.08,-46.16,3.52
537,CCc1cccc(CCNC(=O)O[C@@H](O)[C@@H]2OC[C@H](O)O[C@@H]2CO[C@H](C)O)c1O,-16.08,-46.16,3.52
538,C1=NC2=NCSC2=CC1,-16.08,-46.16,3.52
539,OCCOCNCS,-16.08,-46.16,3.52
540,O=C(NNC1CC1)NC1=NCCS1,-16.08,-46.16,3.52
541,N[C@@H]1C[C@@]2(C=O)N[C@H]2CO1,-16.08,-46.16,3.52
542,NCCN1CC=C(O)CC1,-16.08,-46.16,3.52
543,N[C@@H]1CCC[C@@H](O)CC1,-16.08,-46.16,3.52
544,CCCCN1CCCC1,-16.08,-46.16,3.52
545,CO[C@@H]([C@H](O)N(CCCCO)CCC(C=N)=NCN1CC[C@H](CCC2CC2)C1)P(=O)(O)O,5.67,-73.69,33.0
546,CCO[P@@](=O)(OC)[C@H]1O[C@]1(OC)C(=O)O[C@@H](COC(=O)OC)N[C@H]1C[C@@H](N2CCC([C@H](O)C(=O)O)CC2)CCS1(=O)=O,5.67,-73.69,33.0
547,C[C@@H](O)N[C@@H]1C=C[C@H]2OCO[C@H]2C1,5.67,-73.69,33.0
548,C[C@H]1C[C@H](OC(=O)OC23O[C@H]2C(=O)OOC[C@H](O)[C@@H]2CO[C@H](CCCO[C@@H](O)[C@@H]4CCC[C@H]3O[P@@]4(=O)O)C2)[C@@H](O)C1,5.67,-73.69,33.0
549,CC=NN[C@@H](O)[C@@H](S[C@H]1CC[C@H](O)C1(F)F)[C@@H](O)SC1=CC[C@H](OP(=O)(O)O)CCO1,5.67,-73.69,33.0
550,O=NC(O)(O)CO,5.67,-73.69,33.0
551,C=C(O)[C@]1(CCCC2=C3CC[P@]4(=O)[C@@H](O)[C@H]5[C@H]6O[C@@H]7C[C@]7(OO)O[C@H]6O[C@H]6[C@@H]7[C@H]8[C@H]5OCCN8[C@H](C)[C@H]5OC[C@@H](O[C@H]2O)[C@H]3[C@H](O5)[C@@]4(O)[C@@]76O)O[P@@]1(=O)O,5.67,-73.69,33.0
552,N[C@H]1CCCOC1,5.67,-73.69,33.0
553,BrOBr,5.67,-73.69,33.0
554,O[C@H]1CCCCNC1,5.67,-73.69,33.0
555,C[C@H](O)C(=O)NCCCO,-26.16,-1.06,48.22
556,CC(=O)[C@@H]1CNNC1=O,-26.16,-1.06,48.22
557,NC(=O)C1CCCCC1,-26.16,-1.06,48.22
558,CCOO[C@@H](F)C[C@H]1CO1,-26.16,-1.06,48.22
559,C=C[C@H]1OCC[C@H]2[C@@H]3OC[C@H]4O[C@H](CCO)[C@@H](O[C@@H]3[C@H](OC)[C@@]12O)[C@H]([C@@H]1C[C@H]2CC[C@@H]3O[C@@H]3CCCCOC[C@@H]3C[C@H](S(O)(O)OC)[C@@H]([C@H](O)CCOC)[C@@H](O[C@@H]2[C@H](O)[C@H](C)O1)C(=O)[P@](=O)(O)O3)[C@H]4CO,-26.16,-1.06,48.22
560,CC1=NS[C@H](C2=NCCN2)O1,-26.16,-1.06,48.22
561,CN(C)C(=O)[C@@H](O)C1C(=O)NN/C=C/C[C@H]2C=C3[C@H](SC4=CC=COC1=C4)C(=O)N[C@@H]3[C@@H]([S@@H](C)NCCN1C[C@@H](N[C@H](C(=O)O)[C@H]3CCOCCC3=O)OS1(O)O)O2,-26.16,-1.06,48.22
562,CO[C@@H]1[C@H](O)[C@@]1(CCS)NC(=O)[C@@H](C)O,-26.16,-1.06,48.22
563,C[C@@H](O)NC(=O)N1C[C@H]1CCO,-26.16,-1.06,48.22
564,O[C@@]12C[C@@]13CC[C@H](S)[C@@H]32,8.48,-33.85,26.23
565,c1cnc2c(c1)NCO2,8.48,-33.85,26.23
566,Nc1ccccn1,8.48,-33.85,26.23
567,O=C(O)N=NC(=O)S,8.48,-33.85,26.23
568,NCc1csc(N)c1,8.48,-33.85,26.23
569,CC(=O)O[C@H](C)C(=O)O,8.48,-33.85,26.23
570,N[C@@H](ONc1ccccc1)[C@H]1NO1,8.48,-33.85,26.23
571,NNc1ccccc1,8.48,-33.85,26.23
572,C1CO[C@H]2O[C@H]2C1,8.48,-33.85,26.23
573,Nc1ccc(O)c(O)c1,8.48,-33.85,26.23
574,F[C@@H](N(Cc1ccccc1)CC1CCCCN1)C(F)(F)F,-8.24,-79.56,9.7
575,OOC[C@H](OBr)OOO,-8.24,-79.56,9.7
576,C[C@]1(O)[C@H]2[C@H](C[C@H](O)O[C@@H](C[C@@H]3CCC[C@@H](CO[C@H](CN)C(O)(F)F)CC3)C[C@@]3(OC(N)=S)[C@@H]4O[C@@H]43)OC[C@H]21,-8.24,-79.56,9.7
577,Cc1cc(C[C@H](C(=O)O)[C@H](C)C(=O)NNS(C)(=O)=O)ccc1O,-8.24,-79.56,9.7
578,C[C@@H]1C=CC(=S)N2[C@H]1S[C@@H]1[C@@H]2[C@@]1(O)C=O,-8.24,-79.56,9.7
579,C[C@H](O[C@H]1O[C@@H](O/C2=N/C=C\[C@@H]3[C@H](C)[C@]3(F)CC2)[C@H](O)[C@]1(C)O)C(=O)OCC[C@@H](CN)S(O)(O)O,-8.24,-79.56,9.7
580,Cl,-8.24,-79.56,9.7
581,C[C@@H](O)C(O)(O)O,-8.24,-79.56,9.7
582,BrOBr,-8.24,-79.56,9.7
583,O=C(O)COc1ccc2c(c1)[C@H](O)[C@H](O[P@](=O)(O)OCO)S2,-33.91,-31.55,31.7
584,CCCOC(=O)NCC(=O)COC,-33.91,-31.55,31.7
585,c1csc(CC2=NCCN2)c1,-33.91,-31.55,31.7
586,O[C@@H]1OCCC1c1ccccn1,-33.91,-31.55,31.7
587,O=C([C@@H]1CCCS1)N(O)[C@@H]1[C@H]2CC[C@@H](F)C(=O)N21,-33.91,-31.55,31.7
588,O=C(NNC1CCNCC1)c1ccncc1,-33.91,-31.55,31.7
589,O=C1C=CCC[C@@H]2O[C@@H](OC3=NCc4c[nH]cc43)O[C@H]12,-33.91,-31.55,31.7
590,O=C(O)C[C@H](O)CC1CCCCC1,-33.91,-31.55,31.7
591,O=C1CCN(C(=O)N[C@@H]2O[C@@H]2CCO)C[C@H]1O,-33.91,-31.55,31.7
592,O=C(O)c1ccc(NCC2(O)CC2)cc1F,-33.91,-31.55,31.7
593,O=C(O)[C@@H]1C=CNCC1,-11.9,-22.12,10.18
594,O=C(O)c1ccon1,-11.9,-22.12,10.18
595,OC1=CCCCCC1,-11.9,-22.12,10.18
596,CC(=N)[N+](=O)[O-],-11.9,-22.12,10.18
597,CCCc1nssc1=O,-11.9,-22.12,10.18
598,N[C@H]1COCN1,-11.9,-22.12,10.18
599,CC(=O)[C@@H](CO)[C@H](C)O,-11.9,-22.12,10.18
600,CN(C)C(=O)CCO,-11.9,-22.12,10.18
601,C[C@@]1(O)[C@H]2[C@H](N3CCCCC3)[C@H]3[C@H](O)[C@H](N4CCN4)S[C@@H]3N2C[C@@H]2C[C@@]21O,-11.9,-22.12,10.18
602,NC(=O)C1=NCSN1,-11.9,-22.12,10.18
603,C=CC[C@@]1(C)Cc2c(N)cccc2O1,-27.71,-2.43,56.8
604,C[C@H]1CCC(=O)[C@@H](O)O1,-27.71,-2.43,56.8
605,O=[P@@]1(O)O[C@@H](O)[C@@H](O)O1,-27.71,-2.43,56.8
606,OCC[C@H](O)CO,-27.71,-2.43,56.8
607,CC=C1SC[C@H](C(=O)O)[C@H]1[C@@H]1[C@@H]2C[C@@H]21,-27.71,-2.43,56.8
608,C[C@@H](OOc1cccc(N)c1)[C@H](CN=O)C(=O)OP(=O)(O)O,-27.71,-2.43,56.8
609,CC(C)(SCCO)C(=O)O,-27.71,-2.43,56.8
610,C[C@@H]1S[C@]2(C[C@H](F)C[C@]2(S)CS)[C@H]1C,-27.71,-2.43,56.8
611,Cc1ccn(C)n1,-27.71,-2.43,56.8
612,C[C@H](O)[C@@H]1CC[C@H](CO)OC1,-29.25,-3.1,15.54
613,O=C(O)NC(CCO)CCO,-29.25,-3.1,15.54
614,COC1=CCCCC1,-29.25,-3.1,15.54
615,O[C@@H]1CCC[C@H](CC(=C=COC[C@@H]2CO2)S(O)(O)O)C1,-29.25,-3.1,15.54
616,CC1=CC[C@H](O)[C@@H](CN)CC1,-29.25,-3.1,15.54
617,C1N=C(N[C@H]2CNOC2)ON1,-29.25,-3.1,15.54
618,CNC(=O)NC1=CCN[C@H](O)C1,-29.25,-3.1,15.54
619,O=C(F)CCOO,-29.25,-3.1,15.54
620,O=C(O)[C@@H](O)CC1CCCCC1,-29.25,-3.1,15.54
621,O=C(O)[C@@H]1OC[C@H](O)[C@H]1O,-29.25,-3.1,15.54
622,C[C@@H]1c2ccccc2CN1C,11.97,-57.71,26.15
623,C=C1[C@H]2[C@@H]1CC[S@SP1H]1CC[C@@H]21,11.97,-57.71,26.15
624,CNC[C@H]1CO1,11.97,-57.71,26.15
625,C[C@H]1C[C@H]2S[C@@H]12,11.97,-57.71,26.15
626,C[C@@]12[C@H]3C[C@@H](C[C@@H]1[S@H]2S)C3,11.97,-57.71,26.15
627,CCCCC[C@]12CS[C@@]1(CC#[SH])C2,11.97,-57.71,26.15
628,CCCCC1CC1,11.97,-57.71,26.15
629,CC1CC([C@]2(C#[SH])C[C@H]2S)C1,11.97,-57.71,26.15
630,Cc1cccc2c1[C@H]1C[C@H]1CC2,11.97,-57.71,26.15
631,C#CCCCNC(=O)[C@@H]1[C@H](O)[C@H]1C[C@H]1O[C@@H]1C[C@@H](CCCNC(=O)OC[C@@H](C)C[C@@H]1CCC(=O)S1)CCCC1[C@@H](C)CC[C@@H]1C,11.97,-57.71,26.15
632,O=P(O)(O)OCN[C@H]1CCC[C@@H]2OC[C@H]3O[C@H]3[C@@H]12,-20.0,-47.02,21.63
633,N[C@@H]1CNC2=NCC[C@H]2C1,-20.0,-47.02,21.63
634,C1CNC([C@H]2CCNCN2)=N1,-20.0,-47.02,21.63
635,Cc1c(CO)c(O)cc2n[nH]nc12,-20.0,-47.02,21.63
636,C=C(C)N([C@H]1CC[C@@H](F)CC1)[C@@H](O)C(=O)NCCC(=O)O,-20.0,-47.02,21.63
637,CO[C@H]1CC[C@@](O)(N2[C@](C)(S(O)(O)O)[P@TB12]2(=O)O)O1,-20.0,-47.02,21.63
638,Nc1ncccc1-c1cccnc1,-20.0,-47.02,21.63
639,O=C1CCOCCN1[C@@H](O)CO,-20.0,-47.02,21.63
640,C[C@H](CO)N1CCC[C@@]1(C)O,-20.0,-47.02,21.63
641,C[C@H]1O[C@H](CC(O)O)[C@H]2CCC(=O)N2C1=O,-20.0,-47.02,21.63
642,CC[C@@]1(O)N(C(=N)N)[C@]12C[C@H]2CO,-24.66,-1.09,21.3
643,BrOBr,-24.66,-1.09,21.3
644,CC1=C([N+](=O)[O-])C(=O)CC=N1,-24.66,-1.09,21.3
645,O=C(Nc1cc[nH]n1)[C@H]1[C@@H]2CC[C@@H]21,-24.66,-1.09,21.3
646,O=C1O[C@@H]1C1=C(F)C=C[C@]2(CO2)C1,-24.66,-1.09,21.3
647,Nc1ccnc2ccccc12,-24.66,-1.09,21.3
648,Oc1ccc(Cl)c([C@@H]2CCCOC2)c1,-24.66,-1.09,21.3
649,NC(=O)[C@H]1OC(=O)[C@@H](CO)N1N=O,-24.66,-1.09,21.3
650,C=C[C@@H]1CNC2=C1CC(=O)NC=C2,-24.66,-1.09,21.3
651,CO[C@H]1[C@@H]2CN[C@@H]2C(=O)[C@@H]1OC,-24.66,-1.09,21.3
652,CCC(=O)[C@@H](O)CCOO[C@@H]1OCO[C@H]2C(=O)O[C@]23[C@@H]([C@H](O)CO)[C@H]3N(OC(=O)CC[C@@]23OCC[C@@H](O[C@]24O[C@@H]4CO)C(=O)O3)OO[C@H]1OC,-5.73,-17.15,6.21
653,O=C(CCCO)NS,-5.73,-17.15,6.21
654,O=COCOCCC(=O)O,-5.73,-17.15,6.21
655,C[C@@H](CS)CN(O)CP(O)O,-5.73,-17.15,6.21
656,O=C(O)C(OCCCO)C(=O)O,-5.73,-17.15,6.21
657,C1NO1,-5.73,-17.15,6.21
658,O=C1O[C@@H](NO)[C@H](O)[C@H](O)[C@H]1O,-5.73,-17.15,6.21
659,C[C@H]1C[C@@H]([C@H]2ON2Cc2ccc3c(c2)C(=O)N(C)CC3)OCN1,-5.73,-17.15,6.21
660,C[C@H](O)CO,-5.73,-17.15,6.21
661,O=C(O)CCO[C@H](O)[C@@H](O)C(=O)O,-5.73,-17.15,6.21
662,O=C1OC[C@H](O)[C@@H]1O,-24.89,-11.55,43.77
663,OCOC1CCN(CO)CC1,-24.89,-11.55,43.77
664,CN=C1C=C(C)C=C(O)C1=O,-24.89,-11.55,43.77
665,C1C[C@H]2SCS[C@@H]2S1,-24.89,-11.55,43.77
666,C[C@H](O)C(=O)CNC(=O)C(=O)O,-24.89,-11.55,43.77
667,O=C[C@@H]1CCNC(=O)S1,-24.89,-11.55,43.77
668,O=COCC1CCOCC1,-24.89,-11.55,43.77
669,O=C1NC=N[C@H]2CCN[C@H]12,-24.89,-11.55,43.77
670,OC1(O)COCCN1,-24.89,-11.55,43.77
671,OC(O)O[C@H]1[C@H](O)[C@@H]1O,-24.89,-11.55,43.77
672,CC(=O)NCN(C)C,-9.83,-2.07,16.21
673,O=C(NO)NC1CC1,-9.83,-2.07,16.21
674,C[C@@H](O)CCCCN,-9.83,-2.07,16.21
675,C=C1N[C@](S)(CO)[C@H](O)C[C@@H]1O,-9.83,-2.07,16.21
676,O[C@H]1CO[C@H]2C[C@H]2O1,-9.83,-2.07,16.21
677,C1C[C@@H]2CCN[C@H]2CN1,-9.83,-2.07,16.21
678,CC(C)[C@H](CO)C(=O)NS(N)(=O)=O,-9.83,-2.07,16.21
679,c1cncc(C[C@H]2NCCO2)c1,-9.83,-2.07,16.21
680,O=C1CCN2C(=O)C[C@@H](O)O[C@@H]12,-9.83,-2.07,16.21
681,O=C1COCN1,-9.83,-2.07,16.21
